,,,,County Government Tax Rate (%),County Government Tax Rate (%),County Government Tax Rate (%),County Government Tax Rate (%),County Government Tax Rate (%),Municipal Tax Rate (%),Municipal Tax Rate (%),Municipal Tax Rate (%),Municipal Tax Rate (%),Municipal Tax Rate (%),School  Tax Rate (%),School  Tax Rate (%),School  Tax Rate (%),School  Tax Rate (%),School  Tax Rate (%),Rebate Tax Rate (%),Rebate Tax Rate (%),Rebate Tax Rate (%),Rebate Tax Rate (%),Rebate Tax Rate (%),Net Tax Rate (%),Net Tax Rate (%),Net Tax Rate (%),Net Tax Rate (%),Net Tax Rate (%),Property Tax as % Income,Property Tax as % Income,Property Tax as % Income,Property Tax as % Income,Property Tax as % Income
County  ,Municipality  ,LD  ,CD  ,2014,2015,2016,2017,2018,2014,2015,2016,2017,2018,2014,2015,2016,2017,2018,2014,2015,2016,2017,2018,2014,2015,2016,2017,2018,2014,2015,2016,2017,2018
Warren,Liberty,24,5,0.8,0.73,0.76,0.75,0.71,0.35,0.33,0.33,0.32,0.32,1.92,1.77,1.86,1.76,1.81,-0.02,-0.08,-0.07,-0.07,-0.06,3.04,2.74,2.88,2.76,2.77,7.3,-,-,-,-
Atlantic,Brigantine,2,2,0.44,0.51,0.53,0.57,0.55,0.66,0.67,0.68,0.67,0.66,0.48,0.49,0.51,0.51,0.51,-0.02,-0.03,-0.03,-0.03,-0.03,1.56,1.64,1.69,1.72,1.7,9.09,-,-,-,-
Monmouth,Deal,11,6,0.26,0.3,0.28,0.29,0.21,0.27,0.28,0.27,0.3,0.21,0.1,0.09,0.09,0.09,0.07,0,0,0,-0.02,-0.01,0.63,0.67,0.63,0.66,0.47,6.63,-,-,-,-
Monmouth,Manalapan,12,4,0.31,0.3,0.29,0.28,12.45,0.35,0.35,0.35,0.35,14.95,1.29,1.3,1.31,1.31,57.37,0,-0.03,-0.03,0,-0.01,1.94,1.91,1.92,1.93,84.76,5.15,-,-,-,-
Bergen,Norwood,39,5,0.23,0.23,0.24,0.25,0.24,0.63,0.62,0.62,0.64,0.66,1.29,1.25,1.3,1.36,1.37,-0.01,-0.04,-0.04,-0.04,-0.04,2.14,2.06,2.13,2.22,2.23,5.88,-,-,-,-
Bergen,North Arlington,36,9,0.23,0.23,0.24,0.24,0.23,1.07,1.09,1.11,1.06,1.01,1.56,1.53,1.55,1.53,1.49,-0.05,-0.1,-0.09,-0.09,-0.07,2.81,2.76,2.81,2.75,2.66,6.92,-,-,-,-
Middlesex,Old Bridge,12,"6, 12",0.39,0.38,0.38,0.37,1.4,0.46,0.44,0.44,0.41,1.46,1.32,1.28,1.27,1.2,4.34,-0.02,-0.05,-0.05,-0.01,-0.05,2.16,2.05,2.05,1.97,7.16,5.51,-,-,-,-
Morris,Riverdale,40,11,0.26,0.25,0.24,0.24,0.26,0.61,0.6,0.61,0.57,0.58,0.82,0.84,0.86,0.83,0.86,-0.01,-0.03,-0.03,-0.03,-0.03,1.68,1.66,1.68,1.62,1.67,4.91,-,-,-,-
Bergen,Montvale,39,5,0.24,0.25,0.23,0.24,0.25,0.49,0.51,0.49,0.5,0.51,1.22,1.27,1.25,1.27,1.32,-0.01,-0.03,-0.02,-0.02,-0.02,1.95,2,1.96,1.99,2.05,5,-,-,-,-
Union,Winfield,22,7,0.53,0.54,0.54,0.54,0.53,8.51,8.72,8.79,8.89,8.94,9.23,9.42,9.61,9.8,9.95,-0.61,-1.4,0,-1.28,-1.26,17.66,17.27,18.93,17.95,18.16,6.49,-,-,-,-
Bergen,Mahwah,39,5,0.23,0.24,0.24,0.25,0.25,0.36,0.38,0.37,0.38,0.4,0.98,1.01,1,1.01,1.04,-0.01,-0.03,-0.03,-0.03,-0.03,1.56,1.6,1.59,1.62,1.66,4.57,-,-,-,-
Monmouth,Shrewsbury,11,4,0.31,0.3,0.29,0.29,6.53,0.63,0.6,0.62,0.63,14.15,1.21,1.17,1.11,1.17,26.71,-0.01,-0.03,-0.02,0,-0.07,2.14,2.05,2,2.09,47.31,5,-,-,-,-
Bergen,Hillsdale,39,5,0.24,0.24,0.24,0.25,0.24,0.47,0.48,0.48,0.49,0.49,1.72,1.71,1.75,1.78,1.76,-0.03,-0.06,-0.06,-0.06,-0.05,2.4,2.36,2.42,2.48,2.44,7.11,-,-,-,-
Bergen,Hasbrouck Heights,38,9,0.22,0.24,0.24,0.24,0.24,0.8,0.8,0.77,0.77,0.81,1.51,1.55,1.52,1.55,1.61,-0.03,-0.07,-0.06,-0.06,-0.05,2.5,2.51,2.48,2.5,2.61,7.14,-,-,-,-
Morris,Jefferson,26,11,0.25,0.25,0.25,0.26,0.26,0.7,0.72,0.73,0.74,0.74,1.52,1.56,1.56,1.6,1.62,-0.02,-0.06,-0.06,-0.06,-0.05,2.45,2.47,2.49,2.55,2.56,6.42,-,-,-,-
Middlesex,South Plainfield,18,6,0.38,0.4,0.4,0.39,0.38,0.44,0.46,0.49,0.47,0.46,1.16,1.21,1.27,1.27,1.25,-0.02,-0.05,-0.05,-0.05,-0.04,1.97,2.02,2.11,2.09,2.05,5.97,-,-,-,-
Bergen,Fort Lee,37,9,0.23,0.24,0.26,0.25,0.23,0.89,0.88,0.95,0.97,0.92,0.84,0.87,0.95,0.96,0.91,-0.01,-0.03,-0.03,-0.03,-0.03,1.94,1.96,2.12,2.14,2.04,5.71,-,-,-,-
Middlesex,South Amboy,19,6,0.4,0.4,0.39,0.38,0.38,1.14,1.22,1.23,1.19,1.15,1.1,1.16,1.12,1.13,1.09,-0.06,-0.09,-0.07,-0.07,-0.06,2.59,2.69,2.66,2.64,2.56,7.03,-,-,-,-
Bergen,Glen Rock,38,5,0.23,0.24,0.25,0.25,0.24,0.53,0.53,0.54,0.54,0.53,1.74,1.73,1.76,1.78,1.79,-0.02,-0.04,-0.04,-0.04,-0.03,2.49,2.45,2.51,2.53,2.52,6.22,-,-,-,-
Bergen,Edgewater,32,9,0.24,0.23,0.24,0.24,0.23,0.65,0.63,0.6,0.58,0.54,0.6,0.61,0.59,0.56,0.52,0,-0.01,-0.01,-0.01,-0.01,1.49,1.47,1.42,1.38,1.29,4.41,-,-,-,-
Bergen,Fair Lawn,38,5,0.23,0.24,0.24,0.24,0.24,0.79,0.78,0.76,0.72,0.71,1.75,1.74,1.74,1.71,1.75,-0.03,-0.08,-0.07,-0.06,-0.06,2.74,2.68,2.68,2.62,2.65,7.17,-,-,-,-
Monmouth,Asbury Park,11,6,0.26,0.3,0.29,0.26,2.3,1.04,1.1,1.15,1.08,8.62,0.48,0.49,0.49,0.45,3.71,-0.01,-0.02,-0.02,-0.01,-0.08,1.77,1.87,1.91,1.78,14.55,5.69,-,-,-,-
Monmouth,Allenhurst,11,6,0.3,0.27,0.3,0.27,0.08,0.45,0.4,0.41,0.39,0.11,0.01,0.05,0.03,0.03,0.01,-0.01,-0.01,-0.01,-0.21,-0.05,0.76,0.7,0.73,0.48,0.14,4.29,-,-,-,-
Middlesex,Woodbridge,19,6,0.39,0.38,0.43,0.39,0.38,0.79,0.76,0.84,0.85,0.83,1.58,1.52,1.66,1.66,1.6,-0.05,-0.08,-0.08,-0.08,-0.07,2.71,2.57,2.85,2.82,2.74,6.25,-,-,-,-
Middlesex,Spotswood,14,12,0.4,0.4,0.39,0.4,0.39,0.83,0.84,0.86,0.87,0.88,1.57,1.56,1.66,1.7,1.66,-0.04,-0.1,-0.09,-0.09,-0.08,2.75,2.7,2.83,2.87,2.84,7.19,-,-,-,-
Monmouth,Colts Neck,11,4,0.31,0.31,0.3,0.29,0.58,0.22,0.24,0.25,0.26,0.53,1.14,1.17,1.17,1.2,2.36,0,-0.02,-0.02,-0.01,-0.02,1.67,1.69,1.7,1.73,3.45,3.4,-,-,-,-
Monmouth,Brielle,30,4,0.29,0.3,0.28,0.28,0.33,0.47,0.46,0.44,0.44,0.51,0.94,0.95,0.9,0.9,1.02,-0.01,-0.04,-0.03,-0.02,-0.02,1.68,1.67,1.6,1.6,1.85,4.66,-,-,-,-
Monmouth,Belmar,30,4,0.3,0.3,0.28,0.26,0.45,0.44,0.44,0.43,0.4,0.64,0.53,0.54,0.54,0.52,0.86,-0.01,-0.02,-0.02,-0.01,-0.01,1.27,1.26,1.23,1.17,1.93,5.66,-,-,-,-
Monmouth,Atlantic Highlands,13,6,0.32,0.3,0.29,0.29,0.14,0.67,0.69,0.68,0.67,0.32,1.13,1.1,1.11,1.11,0.55,-0.01,-0.05,-0.04,-0.03,-0.01,2.11,2.04,2.05,2.04,1,6.42,-,-,-,-
Salem,Upper Pittsgrove,3,2,0.96,0.96,1.08,1.2,1.15,0.17,0.18,0.19,0.2,0.2,1.34,1.3,1.3,1.37,1.34,-0.04,-0.09,-0.08,-0.1,-0.1,2.43,2.35,2.49,2.66,2.59,6.05,-,-,-,-
Salem,Alloway,3,2,0.93,1.04,1.07,1.17,1.19,0.22,0.25,0.24,0.25,0.26,1.31,1.38,1.39,1.42,1.45,-0.03,-0.08,-0.08,-0.08,-0.08,2.43,2.59,2.63,2.75,2.82,6.26,-,-,-,-
Somerset,Bound Brook,23,12,0.38,0.38,0.4,0.36,0.38,1.01,1.02,1.05,0.96,0.97,1.8,1.76,1.89,1.74,1.73,-0.04,-0.1,-0.12,-0.08,-0.07,3.14,3.06,3.22,2.98,3.01,7.63,-,-,-,-
Somerset,Far Hills,21,7,0.35,0.35,0.34,0.35,0.37,0.49,0.5,0.49,0.48,0.5,0.42,0.42,0.42,0.41,0.46,0,-0.01,-0.01,0,-0.01,1.25,1.27,1.25,1.24,1.33,1.56,-,-,-,-
Somerset,Green Brook,22,7,0.38,0.41,0.38,0.4,0.38,0.43,0.44,0.44,0.45,0.44,1.53,1.56,1.54,1.61,1.65,-0.02,-0.04,-0.03,-0.03,-0.03,2.32,2.36,2.32,2.43,2.44,5.96,-,-,-,-
Salem,Penns Grove,3,2,1,1.05,1.1,1.21,0.65,1.86,1.99,2.25,2.41,1.34,1.42,1.46,1.64,1.76,0.92,-0.08,-0.13,-0.13,-0.09,-0.06,4.2,4.37,4.87,5.29,2.85,7.61,-,-,-,-
Salem,Pittsgrove,3,2,0.96,1.01,1.07,1.13,1.7,0.28,0.3,0.3,0.3,0.44,1.51,1.58,1.62,1.64,2.43,-0.03,-0.1,-0.1,-0.06,-0.08,2.72,2.8,2.91,3.01,4.49,5.7,-,-,-,-
Bergen,Emerson,39,5,0.24,0.23,0.24,0.25,0.24,0.71,0.71,0.7,0.69,0.68,1.45,1.46,1.49,1.51,1.54,-0.02,-0.07,-0.06,-0.06,-0.06,2.38,2.34,2.38,2.39,2.4,7.12,-,-,-,-
Ocean,Barnegat Twp,9,3,0.41,0.9,0.41,0.41,2.31,0.78,1.75,0.87,0.91,5.16,1.33,2.98,1.37,1.36,7.79,-0.03,-0.24,-0.11,-0.01,-0.06,2.5,5.39,2.55,2.66,15.2,7.66,-,-,-,-
Bergen,Little Ferry,36,9,0.25,0.24,0.24,0.25,0.22,0.94,1.11,1.15,1.18,1.09,1.62,1.77,1.82,1.87,1.74,-0.04,-0.09,-0.08,-0.08,-0.06,2.78,3.02,3.13,3.22,2.99,7.38,-,-,-,-
Bergen,River Edge,38,5,0.24,0.24,0.24,0.24,0.24,0.72,0.72,0.72,0.7,0.68,1.83,1.79,1.81,1.79,1.74,-0.03,-0.07,-0.06,-0.06,-0.05,2.76,2.67,2.71,2.68,2.6,7.62,-,-,-,-
Morris,Wharton,25,7,0.27,0.26,0.25,0.26,0.25,0.54,0.57,0.57,0.58,0.56,1.96,1.97,1.95,1.98,1.9,-0.03,-0.06,-0.05,-0.05,-0.04,2.75,2.73,2.73,2.77,2.66,6.35,-,-,-,-
Morris,Victory Gardens,25,11,0.23,0.25,0.26,0.26,0.25,0.91,0.92,0.93,0.96,0.94,1.21,1.19,1.26,1.25,1.25,-0.01,-0.06,-0.06,-0.05,-0.05,2.34,2.3,2.39,2.42,2.38,5.15,-,-,-,-
Ocean,Berkeley Twp,9,3,0.41,0.41,0.41,0.4,2.48,0.61,0.6,0.61,0.59,3.73,0.94,0.98,0.99,0.96,6.08,-0.04,-0.11,-0.1,-0.01,-0.06,1.92,1.89,1.9,1.95,12.23,7.94,-,-,-,-
Somerset,Manville,16,12,0.41,0.38,0.4,0.4,0.38,1.02,0.99,1,1,0.98,1.58,1.58,1.65,1.73,1.7,-0.08,-0.15,-0.13,-0.13,-0.12,2.93,2.8,2.91,3,2.95,8.39,-,-,-,-
Bergen,Teaneck,37,"5, 9",0.23,0.23,0.24,0.25,0.23,1.05,1.02,0.98,0.96,0.92,1.6,1.62,1.59,1.59,1.56,-0.01,-0.06,-0.04,-0.04,-0.04,2.86,2.81,2.76,2.76,2.67,6.16,-,-,-,-
Ocean,Lakewood,30,4,0.38,20.02,0.39,0.39,27.44,0.7,33.65,0.62,0.57,37.78,1.06,54.84,1.04,0.96,64.62,-0.01,-2.27,-0.04,0,-0.07,2.13,106.24,2.01,1.92,129.77,7.17,-,-,-,-
Somerset,North Plainfield,22,7,0.38,0.37,0.37,0.38,0.4,1.15,1.17,1.19,1.2,1.21,1.98,1.96,1.98,1.97,1.92,-0.03,-0.09,-0.08,-0.08,-0.07,3.48,3.42,3.46,3.47,3.46,8.09,-,-,-,-
Somerset,Raritan,23,7,0.34,0.34,0.35,0.35,0.34,0.62,0.59,0.59,0.58,0.56,1.26,1.19,1.27,1.28,1.3,-0.02,-0.04,-0.03,-0.04,-0.03,2.19,2.07,2.18,2.17,2.16,5.15,-,-,-,-
Ocean,Barnegat Light,9,2,0.41,0.18,0.41,0.41,0.16,0.2,0.1,0.22,0.23,0.09,0.29,0.09,0.22,0.25,0.1,-0.01,0,-0.02,-0.26,-0.1,0.88,0.37,0.83,0.64,0.25,6.86,-,-,-,-
Ocean,Ocean Gate,9,3,0.41,0.07,0.41,0.42,0.07,0.73,0.13,0.75,0.78,0.13,1.11,0.2,1.21,1.19,0.19,-0.02,-0.01,-0.06,-0.37,-0.06,2.23,0.39,2.31,2.01,0.33,11.33,-,-,-,-
Morris,Washington Twp,25,7,0.26,0.25,0.25,0.26,0.26,0.4,0.4,0.4,0.41,0.42,1.68,1.66,1.67,1.73,1.78,0,-0.03,-0.03,-0.03,-0.03,2.33,2.28,2.3,2.37,2.43,5.23,-,-,-,-
Ocean,Ship Bottom,9,2,0.41,0.43,0.4,0.38,0.47,0.34,0.38,0.35,0.33,0.39,0.24,0.24,0.24,0.24,0.34,0,-0.01,-0.01,-0.01,-0.01,0.99,1.05,0.98,0.94,1.19,7.23,-,-,-,-
Sussex,Andover,24,5,0.56,0.51,0.58,0.57,0.59,0.47,0.47,0.49,0.49,0.54,1.74,1.79,1.91,1.92,2,-0.05,-0.06,-0.07,-0.07,-0.06,2.72,2.7,2.91,2.9,3.06,7.73,-,-,-,-
Bergen,Wyckoff,40,5,0.23,0.24,0.24,0.25,0.24,0.25,0.25,0.25,0.25,0.26,1.23,1.23,1.22,1.24,1.26,-0.01,-0.03,-0.03,-0.02,-0.02,1.7,1.7,1.69,1.72,1.73,4.08,-,-,-,-
Monmouth,Eatontown,11,4,0.32,0.33,0.29,0.26,0.26,0.8,0.84,0.85,0.76,0.67,1.17,1.2,1.2,1.09,1,-0.01,-0.04,-0.03,0,0,2.28,2.33,2.3,2.11,1.94,5.71,-,-,-,-
Essex,Nutley,28,11,0.51,0.49,0.49,0.5,0.48,1.02,1.03,1.03,1.04,1.04,1.43,1.45,1.44,1.47,1.45,-0.03,-0.08,-0.07,-0.07,-0.07,2.93,2.89,2.89,2.94,2.9,7.25,-,-,-,-
Bergen,Park Ridge,39,5,0.23,0.23,0.25,0.26,0.24,0.48,0.45,0.47,0.52,0.53,1.47,1.44,1.5,1.57,1.58,-0.03,-0.06,-0.05,-0.06,-0.05,2.15,2.06,2.16,2.3,2.31,6.21,-,-,-,-
Bergen,Westwood,39,5,0.23,0.23,0.25,0.24,0.22,0.7,0.7,0.74,0.73,0.69,1.35,1.32,1.37,1.35,1.29,-0.03,-0.06,-0.05,-0.05,-0.04,2.24,2.19,2.3,2.26,2.16,6.67,-,-,-,-
Bergen,Ridgefield Park,36,9,0.25,0.24,0.23,0.24,0.21,1.17,1.21,1.12,1.09,1.01,1.81,1.99,1.92,1.88,1.65,-0.02,-0.07,-0.06,-0.06,-0.05,3.21,3.37,3.21,3.16,2.82,7.94,-,-,-,-
Essex,Newark,"28, 29","8, 10",0.5,0.53,0.52,0.47,0.49,1.46,1.62,1.61,1.49,1.53,0.86,0.9,0.9,0.87,0.92,-0.01,-0.02,-0.02,-0.02,-0.02,2.81,3.02,3.01,2.81,2.92,5.1,-,-,-,-
Bergen,Wallington,36,9,0.23,0.24,0.24,0.24,0.24,0.83,0.86,0.84,0.81,0.8,1.46,1.55,1.63,1.55,1.51,-0.05,-0.09,-0.08,-0.08,-0.07,2.47,2.56,2.63,2.52,2.48,6.17,-,-,-,-
Bergen,Rockleigh,37,5,0.24,0.25,0.28,0.2,0.23,0.42,0.43,0.47,0.34,0.3,0.38,0.39,0.43,0.3,0.31,0,-0.01,-0.01,0,0,1.04,1.07,1.18,0.84,0.84,2.71,-,-,-,-
Monmouth,Farmingdale,30,4,0.31,0.3,0.3,0.29,0.03,0.23,0.23,0.25,0.25,0.02,1.44,1.47,1.6,1.63,0.15,-0.03,-0.05,-0.04,-0.25,-0.02,1.95,1.95,2.12,1.92,0.18,4.92,-,-,-,-
Bergen,Saddle River,39,5,0.23,0.24,0.25,0.26,0.25,0.35,0.34,0.35,0.35,0.35,0.31,0.3,0.33,0.34,0.35,0,0,0,0,0,0.88,0.87,0.93,0.94,0.94,1.74,-,-,-,-
Monmouth,Englishtown,12,4,0.3,0.3,0.29,0.28,0.03,0.62,0.61,0.62,0.6,0.07,1.32,1.28,1.3,1.29,0.15,-0.02,-0.04,-0.03,-0.25,-0.03,2.22,2.15,2.18,1.91,0.23,5.65,-,-,-,-
Burlington,Evesham,8,3,0.37,0.41,0.4,0.39,0.39,0.46,0.45,0.44,0.44,0.43,1.74,1.75,1.79,1.78,1.77,-0.01,-0.06,-0.06,-0.05,-0.05,2.55,2.54,2.58,2.56,2.54,5.26,-,-,-,-
Monmouth,Highlands,13,6,0.31,0.32,0.29,0.28,0.03,1.09,1.16,1.23,1.2,0.12,1.13,1.2,1.15,1.15,0.11,-0.02,-0.06,-0.05,-0.37,-0.03,2.51,2.62,2.62,2.26,0.22,7.63,-,-,-,-
Essex,Livingston,27,11,0.5,0.51,0.51,0.5,0.47,0.39,0.4,0.4,0.39,0.38,1.33,1.36,1.37,1.37,1.31,-0.02,-0.04,-0.03,-0.03,-0.03,2.2,2.23,2.25,2.23,2.13,3.59,-,-,-,-
Essex,Glen Ridge,28,10,0.52,0.5,0.5,0.5,0.49,0.68,0.67,0.65,0.64,0.63,1.85,1.82,1.77,1.76,1.75,-0.01,-0.03,-0.03,-0.02,-0.02,3.04,2.96,2.89,2.87,2.85,5.9,-,-,-,-
Monmouth,Freehold Twp,11,4,0.3,0.28,0.3,0.29,1.75,0.35,0.33,0.35,0.35,2.14,1.47,1.4,1.48,1.47,8.91,-0.01,-0.04,-0.04,-0.01,-0.05,2.1,1.98,2.1,2.11,12.75,5.59,-,-,-,-
Burlington,Delran,7,3,0.39,0.43,0.42,0.38,0.4,0.71,0.74,0.75,0.71,0.71,1.93,2.07,2.19,2.12,2.12,-0.04,-0.1,-0.1,-0.09,-0.08,2.99,3.13,3.25,3.12,3.13,6.39,-,-,-,-
Burlington,Burlington,7,3,0.36,0.42,0.41,0.41,0.4,1.17,1.18,1.23,1.3,1.36,1.6,1.68,1.75,1.85,1.92,-0.06,-0.11,-0.11,-0.11,-0.11,3.08,3.17,3.29,3.45,3.57,7.33,-,-,-,-
Monmouth,Interlaken,11,6,0.31,0.33,0.28,0.26,0.02,0.73,0.79,0.76,0.68,0.04,0.33,0.36,0.35,0.11,0.01,-0.02,-0.04,-0.03,-0.32,-0.02,1.35,1.45,1.36,0.74,0.06,4.41,-,-,-,-
Essex,Montclair,34,"10, 11",0.5,0.51,0.5,0.5,0.47,0.77,0.77,0.75,0.74,0.71,1.6,1.65,1.66,1.65,1.58,-0.01,-0.03,-0.02,-0.02,-0.02,2.87,2.91,2.88,2.87,2.74,5.56,-,-,-,-
Atlantic,Northfield,2,2,0.4,0.49,0.47,0.53,0.49,0.8,0.87,0.89,0.94,0.94,1.59,1.74,1.71,1.78,1.79,-0.04,-0.1,-0.1,-0.1,-0.09,2.75,3,2.97,3.15,3.13,7.16,-,-,-,-
Burlington,Beverly,7,3,0.39,0.4,0.38,0.4,0.4,1.49,1.48,1.42,1.46,1.48,2.43,2.49,2.34,2.37,2.39,-0.07,-0.17,-0.14,-0.15,-0.13,4.24,4.21,4.01,4.07,4.14,8.56,-,-,-,-
Monmouth,Holmdel,13,4,0.31,0.31,0.3,0.29,0.49,0.37,0.37,0.37,0.37,0.6,1.28,1.28,1.29,1.32,2.19,-0.01,-0.02,-0.02,-0.04,-0.07,1.95,1.92,1.94,1.94,3.21,4.5,-,-,-,-
Essex,Maplewood,27,10,0.51,0.51,0.48,0.49,0.48,0.8,0.79,0.75,0.72,0.7,1.84,1.83,1.74,1.69,1.67,-0.01,-0.04,-0.03,-0.03,-0.03,3.13,3.08,2.93,2.87,2.81,6.4,-,-,-,-
Bergen,Oradell,38,5,0.23,0.23,0.24,0.23,0.23,0.66,0.65,0.67,0.65,0.66,1.53,1.54,1.55,1.5,1.51,-0.01,-0.04,-0.04,-0.04,-0.04,2.41,2.38,2.42,2.35,2.36,5.8,-,-,-,-
Essex,Caldwell,27,11,0.49,0.49,0.54,0.49,0.51,0.66,0.62,0.66,0.64,0.65,1.12,1.17,1.26,1.21,1.23,-0.02,-0.05,-0.05,-0.04,-0.04,2.26,2.25,2.41,2.29,2.35,5.57,-,-,-,-
Monmouth,Lake Como,30,4,0.31,0.28,0.29,0.3,0.03,0.66,0.68,0.68,0.68,0.06,0.82,0.78,0.67,0.67,0.06,-0.02,-0.04,-0.03,-0.05,0,1.77,1.71,1.61,1.59,0.14,8.02,-,-,-,-
Essex,Bloomfield,28,"10, 11",0.52,0.52,0.51,0.5,0.49,1.36,1.38,1.35,1.3,1.26,1.66,1.7,1.69,1.64,1.59,-0.04,-0.1,-0.08,-0.08,-0.07,3.5,3.51,3.47,3.36,3.27,8.14,-,-,-,-
Monmouth,Keansburg,13,6,0.32,0.31,0.3,0.28,0.02,1.91,1.94,2.03,2.05,0.15,0.88,0.91,0.95,0.96,0.07,-0.03,-0.08,-0.07,-0.56,-0.04,3.08,3.08,3.2,2.73,0.2,8.21,-,-,-,-
Essex,Fairfield,26,11,0.5,0.44,0.53,0.52,0.46,0.49,0.44,0.47,0.48,0.43,0.93,0.82,0.92,0.94,0.88,-0.01,-0.02,-0.02,-0.03,-0.02,1.91,1.68,1.91,1.92,1.75,4.79,-,-,-,-
Burlington,Mansfield,8,3,0.38,0.4,0.41,0.41,0.4,0.37,0.38,0.39,0.39,0.39,1.74,1.75,1.76,1.76,1.76,-0.02,-0.09,-0.08,-0.1,-0.09,2.47,2.44,2.47,2.46,2.47,6.87,-,-,-,-
Burlington,Hainesport,8,3,0.38,0.4,0.4,0.4,0.39,0.32,0.33,0.34,0.33,0.32,1.38,1.41,1.43,1.47,1.45,-0.01,-0.05,-0.05,-0.04,-0.04,2.07,2.1,2.12,2.15,2.12,4.83,-,-,-,-
Essex,East Orange,34,10,0.54,0.52,0.52,0.46,0.48,3.11,3.27,3.32,3.03,2.98,0.74,0.75,0.8,0.76,0.77,-0.02,-0.07,-0.06,-0.05,-0.05,4.35,4.48,4.58,4.2,4.18,9.39,-,-,-,-
Monmouth,Little Silver,13,4,0.32,0.31,0.29,0.29,0.93,0.42,0.42,0.42,0.44,1.41,1.17,1.19,1.2,1.25,3.95,-0.01,-0.03,-0.03,-0.02,-0.07,1.9,1.89,1.89,1.95,6.22,5.02,-,-,-,-
Sussex,Franklin,24,5,0.5,0.53,0.55,0.58,0.59,1.11,1.16,1.13,1.14,1.15,1.66,1.73,1.74,1.82,1.93,-0.03,-0.08,-0.08,-0.07,-0.07,3.24,3.33,3.34,3.46,3.6,6.72,-,-,-,-
Sussex,Hampton Twp,24,5,0.51,0.52,0.55,0.56,0.57,0.39,0.4,0.46,0.45,0.45,1.56,1.58,1.62,1.65,1.64,-0.01,-0.06,-0.06,-0.06,-0.06,2.45,2.43,2.57,2.61,2.59,5.77,-,-,-,-
Sussex,Byram,24,11,0.53,0.51,0.55,0.56,0.58,0.85,0.85,0.87,0.87,0.87,1.83,1.83,1.85,1.83,1.85,-0.02,-0.07,-0.06,-0.06,-0.06,3.18,3.12,3.22,3.19,3.23,7.35,-,-,-,-
Sussex,Sparta,24,11,0.49,0.49,0.51,0.53,0.53,0.53,0.55,0.56,0.56,0.55,1.81,1.85,1.91,1.94,1.91,-0.01,-0.04,-0.04,-0.04,-0.03,2.81,2.85,2.95,3,2.96,6.36,-,-,-,-
Burlington,Moorestown,7,3,0.32,0.38,0.39,0.38,0.32,0.32,0.32,0.33,0.33,0.31,1.32,1.34,1.41,1.44,1.4,0,-0.02,-0.02,-0.02,-0.02,1.96,2.02,2.11,2.13,2.02,4.06,-,-,-,-
Sussex,Wantage,24,5,0.52,0.52,0.56,0.56,0.54,0.28,0.3,0.31,0.3,0.28,1.73,1.8,1.88,1.78,1.63,-0.03,-0.08,-0.08,-0.08,-0.06,2.51,2.55,2.67,2.56,2.39,6.84,-,-,-,-
Burlington,Pemberton Twp,8,3,0.39,0.41,0.41,0.4,0.39,0.96,1.03,1.04,1.02,1.02,0.8,0.82,0.84,0.84,0.86,-0.01,-0.07,-0.07,-0.06,-0.06,2.14,2.18,2.21,2.19,2.21,5.61,-,-,-,-
Bergen,Teterboro,36,9,0.24,0.25,0.28,0.29,0.29,1.06,1,0.82,0.83,0.86,0.04,0.03,0.04,0.04,0.05,0,0,0,0,0,1.34,1.28,1.14,1.17,1.19,2.14,-,-,-,-
Sussex,Hopatcong,24,11,0.54,0.51,0.57,0.57,0.56,0.79,0.79,0.82,0.83,0.81,1.49,1.48,1.55,1.55,1.49,-0.02,-0.08,-0.07,-0.07,-0.06,2.8,2.69,2.87,2.89,2.8,7.5,-,-,-,-
Burlington,Chesterfield,12,3,0.37,0.41,0.4,0.4,0.4,0.18,0.23,0.26,0.3,0.32,1.88,1.95,2,2.02,2.02,-0.01,-0.05,-0.04,-0.04,-0.04,2.41,2.54,2.62,2.68,2.69,6.6,-,-,-,-
Sussex,Newton,24,5,0.52,0.53,0.55,0.57,0.55,1.31,1.36,1.39,1.39,1.32,2.01,2.08,2.11,2.09,1.95,-0.04,-0.09,-0.08,-0.08,-0.07,3.79,3.88,3.97,3.97,3.75,8.26,-,-,-,-
Warren,Phillipsburg,23,7,0.7,0.75,0.72,0.72,0.69,1.32,1.4,1.47,1.48,1.48,1.26,1.42,1.56,1.62,1.66,-0.06,-0.12,-0.11,-0.11,-0.1,3.22,3.45,3.64,3.71,3.73,6.7,-,-,-,-
Warren,Hardwick,24,5,0.77,0.78,0.76,0.77,0.7,0.28,0.36,0.39,0.41,0.41,1.48,1.47,1.49,1.57,1.51,-0.02,-0.08,-0.07,-0.07,-0.07,2.51,2.53,2.58,2.68,2.55,6.05,-,-,-,-
Ocean,Lakehurst,10,4,0.39,0.02,0.43,0.42,0.02,1.37,0.06,1.51,1.55,0.07,0.72,0.03,0.77,0.79,0.03,-0.04,0,-0.07,-1.52,-0.06,2.44,0.11,2.63,1.23,0.06,6.36,-,-,-,-
Warren,Harmony,23,7,0.79,0.74,0.77,0.75,0.76,0.3,0.29,0.29,0.29,0.3,1.2,1.16,1.16,1.14,1.19,-0.01,-0.04,-0.04,-0.03,-0.03,2.27,2.15,2.18,2.14,2.22,5.66,-,-,-,-
Ocean,Lacey,9,3,0.42,0.23,0.43,0.41,0.2,0.31,0.17,0.35,0.36,0.19,1.19,0.69,1.29,1.3,0.66,-0.03,-0.04,-0.06,-0.11,-0.05,1.9,1.06,2,1.97,1,6.32,-,-,-,-
Warren,Frelinghuysen,24,5,0.78,0.82,0.76,0.77,0.71,0.23,0.26,0.26,0.26,0.28,1.39,1.5,1.46,1.51,1.49,-0.01,-0.06,-0.06,-0.05,-0.05,2.38,2.51,2.42,2.5,2.43,6.57,-,-,-,-
Union,Clark,22,7,0.53,0.52,0.52,0.53,0.53,0.62,0.61,0.59,0.63,0.63,1.24,1.23,1.18,1.19,1.2,-0.03,-0.08,-0.07,-0.06,-0.06,2.35,2.27,2.23,2.28,2.29,6.71,-,-,-,-
Ocean,Jackson,12,4,0.4,7.81,0.4,0.39,8.64,0.48,9.05,0.46,0.45,9.49,1.25,24.2,1.24,1.18,25.33,-0.01,-1.23,-0.06,0,-0.04,2.12,39.83,2.05,2.01,43.41,6.25,-,-,-,-
Warren,Greenwich,23,7,0.74,0.78,0.77,0.72,0.75,0.42,0.42,0.44,0.42,0.47,1.57,1.52,1.58,1.51,1.52,-0.01,-0.04,-0.03,-0.03,-0.03,2.72,2.68,2.76,2.62,2.71,6.31,-,-,-,-
Union,Fanwood,22,12,0.53,0.51,0.53,0.52,0.52,0.54,0.52,0.51,0.5,0.49,1.64,1.58,1.62,1.61,1.62,-0.03,-0.07,-0.06,-0.06,-0.06,2.68,2.54,2.59,2.57,2.58,6.87,-,-,-,-
Ocean,Island Heights,10,3,0.41,0.11,0.44,0.4,0.11,0.5,0.14,0.55,0.55,0.15,0.88,0.24,0.96,0.91,0.26,-0.01,-0.01,-0.04,-0.02,0,1.78,0.48,1.92,1.83,0.52,7.36,-,-,-,-
Warren,Alpha,23,7,0.75,0.68,0.71,0.73,0.69,0.93,0.87,0.86,0.88,0.89,1.54,1.47,1.5,1.62,1.7,-0.05,-0.12,-0.1,-0.11,-0.12,3.17,2.91,2.96,3.12,3.16,7.15,-,-,-,-
Warren,Blairstown,24,5,0.76,0.77,0.78,0.78,0.7,0.02,0.02,0.02,0.02,0.02,1.44,1.46,1.54,1.57,1.54,-0.01,-0.07,-0.06,-0.07,-0.06,2.21,2.19,2.27,2.3,2.2,6.21,-,-,-,-
Ocean,Bay Head,10,4,0.4,0.43,0.43,0.39,0.64,0.19,0.21,0.22,0.21,0.34,0.2,0.21,0.22,0.2,0.33,0,-0.01,0,0,-0.01,0.78,0.84,0.86,0.8,1.3,8.06,-,-,-,-
Gloucester,Harrison Twp,5,2,0.65,0.69,0.71,0.71,0.71,0.45,0.48,0.49,0.49,0.49,1.5,1.51,1.52,1.55,1.56,-0.01,-0.04,-0.04,-0.04,-0.03,2.6,2.65,2.68,2.71,2.72,5.1,-,-,-,-
Mercer,Hopewell Twp,15,12,0.67,0.65,0.65,0.66,0.69,0.37,0.38,0.37,0.37,0.38,1.48,1.49,1.47,1.46,1.52,-0.01,-0.04,-0.03,-0.03,-0.03,2.51,2.49,2.46,2.46,2.57,5.13,-,-,-,-
Gloucester,Greenwich,3,1,0.73,0.7,0.74,0.73,0.72,0.92,0.95,1,0.99,0.98,1.18,1.23,1.25,1.28,1.28,-0.03,-0.06,-0.06,-0.07,-0.06,2.79,2.81,2.93,2.93,2.92,6.55,-,-,-,-
Ocean,Beach Haven,9,2,0.35,0.36,0.37,0.36,0.47,0.32,0.34,0.36,0.37,0.48,0.29,0.31,0.34,0.3,0.46,0,-0.01,0,0,-0.01,0.97,1.01,1.06,1.03,1.41,6.44,-,-,-,-
Mercer,Hopewell,15,12,0.61,0.6,0.62,0.58,0.61,0.53,0.52,0.54,0.54,0.56,1.49,1.51,1.53,1.45,1.47,-0.04,-0.07,-0.06,-0.05,-0.05,2.59,2.57,2.64,2.53,2.6,5.96,-,-,-,-
Mercer,Hamilton,14,4,0.61,0.62,0.61,0.61,0.61,0.73,0.74,0.74,0.75,0.75,1.18,1.25,1.26,1.28,1.29,-0.03,-0.09,-0.08,-0.07,-0.07,2.49,2.52,2.53,2.57,2.59,5.78,-,-,-,-
Gloucester,Franklin Twp,3,2,0.6,0.65,0.67,0.67,0.67,0.56,0.56,0.6,0.6,0.59,1.63,1.69,1.74,1.75,1.77,-0.04,-0.11,-0.11,-0.11,-0.1,2.75,2.79,2.91,2.91,2.94,6.38,-,-,-,-
Mercer,East Windsor,14,12,0.67,0.66,0.65,0.67,0.66,0.44,0.44,0.43,0.43,0.41,1.99,2.05,2.04,2.06,1.99,-0.02,-0.06,-0.05,-0.05,-0.05,3.07,3.1,3.07,3.11,3.01,6.24,-,-,-,-
Gloucester,East Greenwich,3,"1, 2",0.66,0.69,0.71,0.7,0.72,0.32,0.37,0.36,0.35,0.34,1.81,1.86,1.93,1.93,1.92,-0.02,-0.06,-0.06,-0.06,-0.06,2.77,2.86,2.94,2.92,2.93,5.75,-,-,-,-
Ocean,Eagleswood,9,2,0.39,0.01,0.43,0.43,0.01,0.38,0.01,0.42,0.44,0.01,1.39,0.02,1.58,1.74,0.02,-0.02,0,-0.05,-3.06,-0.04,2.13,0.04,2.38,-0.45,-0.01,6.42,-,-,-,-
Ocean,Harvey Cedars,9,2,0.4,2.08,0.41,0.41,2.17,0.24,1.28,0.25,0.27,1.45,0.3,1.69,0.32,0.28,1.48,0,-0.03,-0.01,-0.01,-0.05,0.93,5.02,0.97,0.94,5.05,4.6,-,-,-,-
Ocean,Beachwood,9,3,0.41,0.41,0.4,0.41,0.16,0.78,0.77,0.8,0.8,0.33,0.87,0.92,0.96,0.94,0.38,-0.03,-0.08,-0.07,-0.02,-0.01,2.02,2.03,2.09,2.14,0.87,5.56,-,-,-,-
Ocean,Brick,10,3,0.41,0.41,0.41,0.41,0.79,0.66,0.67,0.67,0.67,1.32,0.96,0.94,0.97,0.98,1.96,-0.02,-0.07,-0.06,-0.05,-0.09,2,1.96,1.99,2.01,3.98,6.92,-,-,-,-
Gloucester,Mantua,5,2,0.66,0.71,0.7,0.71,0.72,0.62,0.65,0.65,0.66,0.65,1.67,1.73,1.73,1.7,1.71,-0.04,-0.1,-0.09,-0.09,-0.08,2.91,2.99,2.98,2.98,3,6.07,-,-,-,-
Essex,Orange,34,10,0.51,0.51,0.51,0.49,0.52,2.76,2.83,2.84,2.73,3.1,0.78,0.8,0.82,0.78,0.81,-0.02,-0.05,-0.05,-0.04,-0.04,4.02,4.08,4.12,3.96,4.4,8.82,-,-,-,-
Middlesex,Dunellen,22,12,0.39,0.38,0.39,0.41,0.39,0.81,0.79,0.78,0.82,0.84,1.83,1.79,1.8,1.92,1.92,-0.04,-0.08,-0.07,-0.07,-0.07,3,2.88,2.9,3.07,3.08,6.76,-,-,-,-
Middlesex,Cranbury,14,12,0.43,0.38,0.41,0.38,0.39,0.45,0.44,0.48,0.46,0.45,1.1,1.05,1.1,1.02,1.03,0,-0.01,-0.01,-0.01,-0.01,1.97,1.85,1.98,1.85,1.87,3.92,-,-,-,-
Mercer,West Windsor,15,12,0.65,0.66,0.66,0.67,0.7,0.37,0.37,0.37,0.38,0.4,1.33,1.35,1.35,1.36,1.42,0,-0.02,-0.02,-0.01,-0.02,2.35,2.36,2.36,2.39,2.5,4.62,-,-,-,-
Gloucester,Deptford,5,1,0.61,0.66,0.64,0.65,0.68,0.74,0.76,0.78,0.75,0.78,1.39,1.48,1.47,1.45,1.46,-0.04,-0.1,-0.09,-0.09,-0.08,2.7,2.8,2.8,2.76,2.83,5.85,-,-,-,-
Essex,West Orange,27,"10, 11",0.51,0.5,0.51,0.5,0.49,0.87,0.86,0.86,0.85,0.85,2.22,2.19,2.19,2.19,2.17,-0.02,-0.06,-0.05,-0.05,-0.05,3.59,3.49,3.51,3.5,3.46,7.38,-,-,-,-
Mercer,Robbinsville,14,4,0.67,0.64,0.67,0.68,0.66,0.58,0.57,0.55,0.57,0.55,1.63,1.57,1.57,1.59,1.54,-0.02,-0.04,-0.03,-0.03,-0.03,2.86,2.74,2.76,2.81,2.72,6.14,-,-,-,-
Essex,West Caldwell,26,11,0.54,0.5,0.5,0.5,0.5,0.54,0.52,0.5,0.5,0.51,1.25,1.23,1.18,1.21,1.23,-0.01,-0.04,-0.04,-0.04,-0.04,2.32,2.21,2.15,2.17,2.2,5.81,-,-,-,-
Essex,South Orange,27,10,0.51,0.51,0.5,0.48,0.49,0.83,0.83,0.82,0.77,0.76,1.83,1.82,1.81,1.7,1.68,-0.01,-0.03,-0.03,-0.03,-0.02,3.16,3.12,3.1,2.92,2.91,6.38,-,-,-,-
Mercer,Pennington,15,12,0.62,0.59,0.63,0.62,0.61,0.41,0.41,0.43,0.44,0.43,1.48,1.51,1.54,1.54,1.48,-0.02,-0.03,-0.03,-0.03,-0.02,2.49,2.48,2.57,2.57,2.5,5.78,-,-,-,-
Warren,Pohatcong,23,7,0.78,0.74,0.75,0.74,0.72,1.07,1.16,1.2,1.17,1.22,1.65,1.73,1.72,1.7,1.7,-0.04,-0.12,-0.1,-0.1,-0.09,3.45,3.51,3.57,3.51,3.55,8.48,-,-,-,-
Warren,Washington,23,5,0.75,0.73,0.68,0.7,0.69,1.19,1.19,1.16,1.15,1.21,1.98,1.96,2.01,2.07,2.26,-0.03,-0.1,-0.08,-0.08,-0.08,3.89,3.78,3.77,3.84,4.08,7.62,-,-,-,-
Warren,White,24,5,0.79,0.69,0.78,0.78,0.71,0.13,0.12,0.09,0.07,0.09,1.36,1.26,1.32,1.34,1.25,-0.02,-0.09,-0.08,-0.09,-0.08,2.26,1.99,2.12,2.11,1.97,6.27,-,-,-,-
Morris,Chatham,21,11,0.25,0.24,0.25,0.26,0.24,0.33,0.32,0.32,0.32,0.3,1.07,1.05,1.03,1.04,1.01,-0.01,-0.02,0,-0.02,-0.01,1.65,1.59,1.6,1.6,1.54,3.64,-,-,-,-
Gloucester,Woodbury,5,1,0.64,0.65,0.7,0.68,0.67,1.41,1.4,1.47,1.54,1.54,2.11,2.15,2.28,2.36,2.37,-0.04,-0.11,-0.1,-0.1,-0.1,4.11,4.1,4.35,4.47,4.49,7.93,-,-,-,-
Morris,Chatham Twp,27,11,0.25,0.25,0.25,0.26,0.26,0.26,0.25,0.24,0.24,0.25,1.05,1.06,1.05,1.07,1.08,0,-0.02,-0.01,-0.01,-0.01,1.56,1.54,1.53,1.55,1.58,3.26,-,-,-,-
Hudson,West New York,32,8,0.49,0.54,0.47,0.47,0.41,1.36,1.44,1.38,1.33,1.2,0.61,0.61,0.59,0.6,0.56,-0.01,-0.02,-0.02,-0.02,-0.02,2.45,2.57,2.42,2.38,2.16,3.74,-,-,-,-
Morris,Chester Twp,25,7,0.26,0.25,0.26,0.26,0.26,0.47,0.47,0.47,0.47,0.47,1.46,1.45,1.48,1.48,1.47,-0.01,-0.03,-0.02,-0.02,-0.02,2.19,2.14,2.18,2.18,2.18,4.33,-,-,-,-
Morris,Denville,25,11,0.25,0.24,0.26,0.26,0.26,0.39,0.38,0.41,0.42,0.42,1.43,1.41,1.53,1.56,1.57,-0.01,-0.04,-0.04,-0.04,-0.03,2.05,1.99,2.16,2.2,2.22,5.52,-,-,-,-
Hunterdon,Milford,23,7,0.37,0.33,0.36,0.35,0.35,0.72,0.67,0.68,0.67,0.66,2.27,2.23,2.29,2.37,2.52,-0.07,-0.13,-0.12,-0.12,-0.11,3.29,3.1,3.2,3.27,3.42,7.98,-,-,-,-
Morris,East Hanover,27,11,0.24,0.27,0.27,0.26,0.26,0.4,0.42,0.46,0.46,0.49,0.8,0.88,0.93,0.93,0.94,-0.01,-0.03,-0.03,-0.03,-0.03,1.44,1.54,1.62,1.62,1.65,4.88,-,-,-,-
Ocean,Point Pleasant,30,"3, 4",0.4,1.59,0.42,0.41,1.58,0.42,1.61,0.43,0.42,1.64,1.01,3.95,1.05,1.04,4.13,-0.02,-0.19,-0.05,-0.01,-0.05,1.81,6.96,1.85,1.86,7.3,6.38,-,-,-,-
Cumberland,Downe,1,2,0.99,1.09,1.19,1.09,1.29,0.26,0.29,0.32,0.31,0.34,0.83,0.83,0.98,0.93,1.03,-0.05,-0.1,-0.11,-0.11,-0.12,2.03,2.11,2.37,2.22,2.54,7.08,-,-,-,-
Morris,Hanover,27,11,0.24,0.24,0.25,0.25,0.27,0.42,0.4,0.39,0.39,0.41,0.89,0.87,0.89,0.91,0.95,-0.01,-0.03,-0.02,-0.02,-0.02,1.54,1.49,1.51,1.52,1.6,4.3,-,-,-,-
Ocean,Plumsted,12,4,0.42,1.29,0.42,0.41,1.23,0.24,0.77,0.25,0.25,0.76,1.41,4.53,1.46,1.48,4.51,-0.02,-0.2,-0.05,-0.02,-0.05,2.05,6.39,2.07,2.12,6.44,5.35,-,-,-,-
Essex,Essex Fells,27,11,0.5,0.51,0.52,0.49,0.51,0.46,0.47,0.49,0.47,0.48,1,1.01,1,0.98,1.03,-0.01,-0.02,-0.01,-0.01,-0.01,1.97,1.98,1.99,1.92,2.01,3.56,-,-,-,-
Morris,Harding,27,11,0.26,0.24,0.26,0.26,0.25,0.27,0.27,0.29,0.29,0.29,0.43,0.45,0.46,0.47,0.46,0,-0.01,0,0,0,0.96,0.96,1,1.01,1,3.11,-,-,-,-
Gloucester,Elk,3,2,0.66,0.69,0.72,0.73,0.72,0.78,0.83,0.84,0.85,0.84,1.61,1.63,1.67,1.72,1.79,-0.04,-0.09,-0.09,-0.09,-0.08,3.01,3.07,3.14,3.21,3.26,7.49,-,-,-,-
Ocean,Point Pleasant Beach,10,4,0.42,0.26,0.42,0.41,0.25,0.38,0.24,0.4,0.4,0.24,0.61,0.39,0.63,0.62,0.38,-0.01,-0.01,-0.02,-0.07,-0.04,1.41,0.88,1.44,1.36,0.83,6.64,-,-,-,-
Gloucester,Pitman,4,2,0.64,0.65,0.68,0.68,0.67,0.89,0.92,0.94,0.97,0.95,2.17,2.19,2.26,2.34,2.35,-0.05,-0.13,-0.12,-0.12,-0.12,3.64,3.63,3.75,3.87,3.86,7.06,-,-,-,-
Camden,Audubon Park,5,1,0.85,0.88,0.89,0.9,0.9,2.55,2.77,3.18,3.21,3.2,1.49,1.59,1.93,1.66,1.7,-0.39,-0.56,-0.51,-0.53,-0.5,4.5,4.68,5.48,5.23,5.3,4.72,-,-,-,-
Camden,Lawnside,5,1,0.88,0.93,0.84,0.96,0.88,0.89,0.94,0.89,0.95,0.93,1.84,2,1.94,2.12,2.21,-0.03,-0.09,-0.08,-0.09,-0.08,3.58,3.77,3.6,3.94,3.94,9.46,-,-,-,-
Cape May,Cape May,1,2,0.25,0.26,0.24,0.26,0.26,0.34,0.35,0.33,0.34,0.34,0.3,0.29,0.24,0.27,0.3,0,-0.01,-0.01,-0.01,0,0.88,0.89,0.81,0.87,0.89,8.72,-,-,-,-
Hudson,Weehawken,33,8,0.52,0.56,0.47,0.44,0.44,0.91,1,0.99,0.88,0.67,0.7,0.73,0.69,0.64,0.58,-0.01,-0.02,-0.01,-0.01,-0.01,2.13,2.28,2.14,1.95,1.68,5.79,-,-,-,-
Middlesex,Jamesburg,14,12,0.39,0.41,0.39,0.4,0.39,0.81,0.87,0.9,0.91,0.92,1.75,1.87,1.89,1.9,1.9,-0.04,-0.08,-0.08,-0.08,-0.07,2.91,3.06,3.1,3.13,3.14,7.19,-,-,-,-
Hudson,Union City,33,8,0.51,0.5,0.51,0.46,0.43,2.07,1.96,1.88,1.78,1.72,0.49,0.45,0.43,0.4,0.38,-0.01,-0.02,-0.02,-0.02,-0.01,3.05,2.9,2.81,2.63,2.52,6.02,-,-,-,-
Middlesex,Helmetta,18,12,0.41,0.4,0.38,0.4,0.38,0.62,0.63,0.65,0.67,0.65,1.52,1.52,1.55,1.62,1.6,-0.02,-0.09,-0.08,-0.09,-0.08,2.52,2.46,2.51,2.61,2.55,6.61,-,-,-,-
Ocean,Lavallette,10,3,0.42,0.1,0.4,0.42,0.08,0.25,0.06,0.26,0.27,0.05,0.19,0.04,0.17,0.17,0.04,0,0,-0.01,-0.16,-0.03,0.86,0.21,0.81,0.71,0.14,6.08,-,-,-,-
Hunterdon,Bloomsbury,23,7,0.36,0.39,0.36,0.38,0.37,0.53,0.58,0.58,0.59,0.57,1.58,1.71,1.73,1.81,1.78,-0.02,-0.07,-0.06,-0.06,-0.05,2.46,2.6,2.62,2.72,2.67,6.3,-,-,-,-
Ocean,Little Egg Harbor,9,2,0.4,0.45,0.42,0.41,0.45,0.65,0.75,0.65,0.64,0.72,1.12,1.33,1.2,1.2,1.33,-0.02,-0.09,-0.08,-0.01,-0.01,2.14,2.44,2.19,2.25,2.49,7.23,-,-,-,-
Middlesex,Milltown,17,12,0.4,0.4,0.38,0.39,0.04,0.56,0.57,0.58,0.59,0.06,1.65,1.72,1.7,1.74,0.17,-0.04,-0.09,-0.08,-0.51,-0.05,2.57,2.59,2.58,2.21,0.23,6.83,-,-,-,-
Hunterdon,Alexandria,23,7,0.36,0.38,0.37,0.37,0.38,0.21,0.22,0.23,0.24,0.27,1.66,1.76,1.74,1.75,1.72,-0.01,-0.04,-0.04,-0.04,-0.04,2.22,2.31,2.3,2.33,2.33,6.09,-,-,-,-
Ocean,Long Beach,9,2,0.39,1.48,0.41,0.4,1.43,0.21,0.78,0.22,0.22,0.83,0.28,1.07,0.29,0.29,0.96,0,-0.03,-0.01,-0.02,-0.07,0.88,3.31,0.91,0.88,3.15,7.39,-,-,-,-
Middlesex,Metuchen,18,6,0.39,0.39,0.39,0.41,0.61,0.49,0.49,0.51,0.54,0.85,1.57,1.55,1.56,1.61,2.44,-0.02,-0.05,-0.06,-0.06,-0.08,2.42,2.38,2.39,2.49,3.81,5.78,-,-,-,-
Ocean,Manchester,10,4,0.4,0.18,0.41,0.42,0.18,0.59,0.25,0.57,0.57,0.24,1.18,0.52,1.19,1.22,0.54,-0.03,-0.05,-0.11,-0.01,-0.01,2.15,0.9,2.06,2.18,0.96,6.53,-,-,-,-
Ocean,Mantoloking,10,3,0.37,0.14,0.42,0.42,0.15,0.23,0.08,0.24,0.25,0.1,0.01,0,0.01,0.01,0,0,0,0,-0.3,-0.11,0.6,0.23,0.67,0.38,0.14,4.51,-,-,-,-
Middlesex,Edison,18,6,0.38,0.36,0.38,0.38,0.38,0.55,0.53,0.53,0.52,0.51,1.32,1.27,1.31,1.29,1.25,-0.02,-0.04,-0.04,-0.04,-0.04,2.23,2.12,2.18,2.16,2.1,5.3,-,-,-,-
Ocean,Ocean Twp,9,3,0.41,0.41,0.42,0.41,0.41,0.55,0.55,0.59,0.61,0.63,0.8,0.78,0.78,0.78,0.81,-0.01,-0.07,-0.06,0,0,1.74,1.68,1.74,1.8,1.86,6.6,-,-,-,-
Ocean,Pine Beach,9,3,0.41,0.5,0.41,0.41,0.47,0.59,0.75,0.67,0.69,0.82,0.86,1.08,0.93,0.93,1.1,-0.01,-0.07,-0.06,-0.04,-0.05,1.83,2.26,1.96,1.98,2.34,5.65,-,-,-,-
Middlesex,Sayreville,19,6,0.4,3.93,0.39,0.4,0.39,0.64,6.47,0.65,0.67,0.68,1.35,13.46,1.35,1.38,1.37,-0.03,-0.76,-0.07,-0.07,-0.07,2.35,23.11,2.32,2.37,2.37,5.9,-,-,-,-
Hudson,East Newark,32,8,0.64,0.58,0.57,0.47,0.38,1.36,1.36,1.4,1.14,0.93,1.05,1.11,1.13,0.92,0.74,-0.03,-0.06,-0.05,-0.04,-0.02,3.02,3,3.05,2.49,2.03,5.87,-,-,-,-
Gloucester,Woolwich,3,2,0.64,0.7,0.7,0.71,0.71,0.48,0.52,0.51,0.5,0.51,2.07,2.13,2.12,2.1,2.07,0,-0.04,-0.03,-0.03,-0.03,3.18,3.31,3.31,3.28,3.25,6.67,-,-,-,-
Hudson,Hoboken,33,8,0.49,0.51,0.47,0.46,0.44,0.43,0.41,0.37,0.34,0.33,0.31,0.3,0.28,0.27,0.25,0,0,0,0,0,1.24,1.22,1.12,1.07,1.03,2.9,-,-,-,-
Middlesex,North Brunswick,17,12,0.41,0.4,0.4,0.4,0.23,0.65,0.66,0.68,0.69,0.4,1.77,1.78,1.84,1.86,1.06,-0.02,-0.05,-0.05,-0.08,-0.04,2.81,2.79,2.87,2.87,1.65,6.04,-,-,-,-
Hudson,Guttenberg,32,8,0.53,0.54,0.5,0.45,0.43,1.4,1.41,1.36,1.26,1.24,1.2,1.23,1.17,1.07,1.01,-0.01,-0.04,-0.03,-0.03,-0.02,3.11,3.15,3,2.74,2.66,7.45,-,-,-,-
Middlesex,Monroe,14,12,0.36,0.37,0.37,0.39,1.04,0.46,0.43,0.41,0.4,1.1,1.3,1.25,1.23,1.22,3.22,-0.02,-0.06,-0.05,-0.01,-0.01,2.1,1.99,1.96,2.01,5.34,5.89,-,-,-,-
Middlesex,Piscataway,17,6,0.38,0.36,0.39,0.4,0.35,0.67,0.63,0.64,0.65,0.59,1.37,1.3,1.31,1.33,1.19,-0.02,-0.04,-0.04,-0.04,-0.03,2.4,2.26,2.3,2.34,2.1,5.5,-,-,-,-
Hudson,North Bergen,32,8,0.53,0.5,0.49,0.45,0.43,1.28,1.18,1.13,1.03,0.99,0.95,0.9,0.87,0.8,0.78,-0.01,-0.03,-0.03,-0.02,-0.02,2.75,2.55,2.46,2.27,2.18,6.1,-,-,-,-
Middlesex,Perth Amboy,19,6,0.4,0.42,0.37,0.42,0.37,1.76,1.85,1.74,1.79,1.67,0.77,0.8,0.76,0.83,0.79,-0.03,-0.06,-0.05,-0.05,-0.04,2.9,3.01,2.83,2.99,2.79,6.93,-,-,-,-
Hudson,Kearny,32,"8, 9",0.53,0.53,0.54,0.48,0.44,1.17,1.15,1.17,1.13,1.06,1.39,1.36,1.41,1.4,1.34,-0.03,-0.06,-0.06,-0.06,-0.05,3.06,2.97,3.06,2.96,2.79,7.58,-,-,-,-
Morris,Mendham Twp,25,11,0.25,0.25,0.25,0.26,0.26,0.36,0.38,0.4,0.42,0.43,1.28,1.33,1.32,1.32,1.38,0,-0.02,-0.01,-0.01,-0.01,1.89,1.94,1.96,1.99,2.06,3.42,-,-,-,-
Morris,Morris Plains,26,11,0.27,0.25,0.25,0.26,0.25,0.71,0.73,0.72,0.72,0.69,1.05,1.07,1.05,1.08,1.04,-0.02,-0.04,-0.03,-0.03,-0.03,2.01,2.01,1.98,2.03,1.95,5.35,-,-,-,-
Morris,Florham Park,27,11,0.24,0.25,0.25,0.24,0.26,0.4,0.39,0.39,0.37,0.37,0.82,0.82,0.81,0.78,0.8,-0.01,-0.03,-0.02,-0.02,-0.02,1.45,1.43,1.43,1.38,1.4,3.79,-,-,-,-
Morris,Long Hill,21,7,0.25,0.24,0.26,0.26,0.26,0.57,0.54,0.56,0.56,0.57,1.33,1.27,1.32,1.35,1.37,-0.02,-0.04,-0.04,-0.04,-0.04,2.12,2,2.1,2.13,2.17,4.76,-,-,-,-
Morris,Chester,25,7,0.21,0.27,0.25,0.27,0.26,0.71,0.84,0.88,0.93,0.93,1.09,1.43,1.43,1.43,1.5,-0.01,-0.03,-0.03,-0.03,-0.03,2,2.52,2.53,2.6,2.67,5.07,-,-,-,-
Morris,Dover,25,7,0.27,0.25,0.26,0.26,0.26,1.01,1.04,1.05,1.07,1.1,1,1,0.99,0.99,1.04,-0.01,-0.05,-0.05,-0.04,-0.04,2.26,2.23,2.25,2.27,2.36,6.36,-,-,-,-
Morris,Boonton,25,11,0.25,0.26,0.25,0.26,0.26,0.71,0.75,0.74,0.75,0.76,1.57,1.64,1.61,1.65,1.74,-0.03,-0.06,-0.06,-0.05,-0.05,2.51,2.59,2.54,2.62,2.72,6.95,-,-,-,-
Morris,Butler,26,11,0.24,0.27,0.26,0.25,0.26,0.65,0.7,0.73,0.72,0.73,1.5,1.65,1.73,1.72,1.76,-0.03,-0.07,-0.04,-0.07,-0.07,2.37,2.55,2.68,2.63,2.69,6.99,-,-,-,-
Morris,Mount Arlington,25,7,0.25,0.26,0.25,0.26,0.25,0.72,0.74,0.74,0.74,0.71,1.27,1.31,1.32,1.32,1.29,-0.02,-0.06,-0.06,-0.05,-0.05,2.22,2.24,2.26,2.27,2.2,6.54,-,-,-,-
Morris,Mountain Lakes,25,11,0.26,0.25,0.26,0.25,0.26,0.43,0.44,0.47,0.46,0.47,1.5,1.52,1.57,1.56,1.6,0,-0.01,-0.01,-0.01,-0.01,2.18,2.2,2.28,2.26,2.32,4.01,-,-,-,-
Atlantic,Estell Manor,1,2,0.48,0.49,0.54,0.55,0.53,0.24,0.28,0.3,0.29,0.27,1.45,1.42,1.48,1.47,1.4,-0.03,-0.08,-0.07,-0.07,-0.06,2.14,2.11,2.24,2.25,2.14,6.22,-,-,-,-
Atlantic,Galloway,9,2,0.43,0.51,0.54,0.56,0.56,0.62,0.62,0.65,0.63,0.61,1.61,1.68,1.79,1.83,1.87,-0.02,-0.09,-0.09,-0.09,-0.09,2.64,2.72,2.88,2.93,2.96,6.88,-,-,-,-
Hunterdon,Flemington,16,7,0.33,0.34,0.35,0.35,0.35,0.8,0.83,0.9,0.93,0.93,1.61,1.69,1.82,1.8,1.76,-0.02,-0.04,-0.04,-0.04,-0.03,2.71,2.82,3.03,3.05,3.01,6.06,-,-,-,-
Atlantic,Egg Harbor Twp,2,2,0.5,0.49,0.52,0.56,0.54,0.53,0.54,0.56,0.57,0.58,1.82,1.86,1.92,2.01,2.01,-0.02,-0.07,-0.07,-0.07,-0.07,2.83,2.82,2.93,3.08,3.06,6.72,-,-,-,-
Hunterdon,Clinton Twp,23,7,0.36,0.37,0.36,0.37,0.38,0.29,0.31,0.32,0.32,0.36,1.74,1.77,1.72,1.7,1.75,0,-0.04,-0.03,-0.03,-0.03,2.38,2.41,2.37,2.36,2.46,4.99,-,-,-,-
Hunterdon,East Amwell,15,7,0.37,0.37,0.38,0.37,0.37,0.21,0.21,0.22,0.23,0.22,1.49,1.5,1.57,1.55,1.52,-0.01,-0.05,-0.04,-0.05,-0.04,2.06,2.02,2.12,2.1,2.06,5.68,-,-,-,-
Hunterdon,Califon,23,7,0.37,0.36,0.36,0.36,0.36,0.57,0.58,0.58,0.61,0.6,2.29,2.25,2.2,2.3,2.3,-0.02,-0.07,-0.06,-0.06,-0.06,3.22,3.11,3.08,3.21,3.2,7.82,-,-,-,-
Atlantic,Margate,2,2,0.44,0.47,0.48,0.52,0.52,0.55,0.55,0.56,0.56,0.55,0.31,0.31,0.3,0.3,0.29,-0.01,-0.02,-0.02,-0.02,-0.02,1.29,1.31,1.32,1.36,1.35,7.63,-,-,-,-
Atlantic,Hammonton,8,2,0.48,0.5,0.5,0.56,0.53,0.6,0.63,0.66,0.68,0.66,1.38,1.39,1.41,1.42,1.37,-0.02,-0.07,-0.07,-0.08,-0.07,2.43,2.45,2.5,2.58,2.49,5.28,-,-,-,-
Atlantic,Linwood,2,2,0.43,0.48,0.49,0.52,0.51,0.83,0.89,0.91,0.95,0.97,1.77,1.89,1.95,2.03,2.09,-0.03,-0.08,-0.08,-0.07,-0.07,3,3.18,3.26,3.43,3.5,5.86,-,-,-,-
Union,Scotch Plains,22,"7, 12",0.51,0.53,0.53,0.52,0.52,0.38,0.37,0.36,0.35,0.35,1.57,1.61,1.62,1.58,1.6,-0.02,-0.05,-0.05,-0.04,-0.04,2.44,2.46,2.47,2.41,2.43,5.66,-,-,-,-
Union,Summit,21,7,0.51,0.52,0.53,0.55,0.53,0.37,0.36,0.35,0.36,0.36,0.93,0.91,0.91,0.93,0.93,-0.01,-0.01,-0.01,-0.01,-0.01,1.8,1.78,1.78,1.83,1.81,3.27,-,-,-,-
Warren,Belvidere,24,5,0.76,0.7,0.71,0.7,0.76,1.19,1.14,1.14,1.1,1.15,2.04,2.01,2.03,1.97,2.1,-0.04,-0.1,-0.09,-0.08,-0.08,3.94,3.76,3.79,3.68,3.93,7.16,-,-,-,-
Union,Kenilworth,21,7,0.52,0.56,0.55,0.54,0.5,0.76,0.8,0.79,0.8,0.76,1.25,1.37,1.45,1.46,1.35,-0.05,-0.08,-0.08,-0.07,-0.06,2.49,2.64,2.71,2.72,2.53,7.06,-,-,-,-
Warren,Franklin Twp,23,7,0.76,0.79,0.72,0.77,0.74,0.27,0.29,0.27,0.28,0.28,2.02,2.11,1.95,2.03,2.01,-0.02,-0.07,-0.06,-0.06,-0.06,3.03,3.13,2.88,3.03,2.97,7.71,-,-,-,-
Morris,Roxbury,25,7,0.25,0.24,0.26,0.26,0.26,0.69,0.66,0.68,0.66,0.68,1.67,1.63,1.68,1.7,1.72,-0.02,-0.06,-0.05,-0.05,-0.05,2.59,2.47,2.56,2.56,2.61,6.54,-,-,-,-
Union,New Providence,21,7,0.54,0.52,0.53,0.53,0.52,0.49,0.48,0.48,0.48,0.48,1.38,1.38,1.37,1.35,1.35,-0.02,-0.05,-0.04,-0.04,-0.03,2.39,2.34,2.34,2.32,2.32,5.18,-,-,-,-
Union,Hillside,20,10,0.55,0.54,0.53,0.53,0.51,1.79,1.77,1.7,1.6,1.51,1.7,1.74,1.76,1.73,1.64,-0.04,-0.11,-0.1,-0.09,-0.08,3.99,3.94,3.89,3.76,3.57,8.46,-,-,-,-
Union,Linden,22,10,0.57,0.5,0.53,0.52,0.52,1.15,1.09,1.07,1.05,1.02,1.71,1.63,1.62,1.58,1.58,-0.04,-0.07,-0.06,-0.06,-0.05,3.39,3.14,3.16,3.09,3.07,8.23,-,-,-,-
Union,Roselle,20,10,0.5,0.54,0.53,0.53,0.52,2.24,2.31,2.3,2.33,2.3,1.75,1.8,1.74,1.74,1.73,-0.04,-0.13,-0.12,-0.11,-0.1,4.44,4.51,4.45,4.49,4.46,10.28,-,-,-,-
Union,Mountainside,21,7,0.51,0.52,0.53,0.54,0.53,0.48,0.48,0.48,0.49,0.49,0.86,0.92,0.92,0.94,0.96,-0.02,-0.04,-0.04,-0.04,-0.04,1.83,1.88,1.89,1.92,1.95,5.14,-,-,-,-
Union,Rahway,22,10,0.57,0.54,0.54,0.53,0.49,1.35,1.41,1.42,1.41,1.33,1.64,1.68,1.69,1.68,1.59,-0.06,-0.11,-0.09,-0.09,-0.08,3.5,3.53,3.55,3.52,3.33,7.7,-,-,-,-
Union,Plainfield,22,12,0.53,0.5,0.53,0.54,0.53,2.05,1.98,1.96,2.01,2.04,0.94,0.89,0.89,0.91,0.97,-0.03,-0.08,-0.07,-0.07,-0.07,3.49,3.29,3.3,3.39,3.47,7.84,-,-,-,-
Union,Springfield,21,7,0.53,0.55,0.53,0.5,0.51,0.89,0.94,0.93,0.87,0.86,1.49,1.56,1.55,1.46,1.43,-0.02,-0.07,-0.06,-0.05,-0.05,2.89,2.99,2.95,2.78,2.75,6.28,-,-,-,-
Union,Roselle Park,21,10,0.52,0.51,0.53,0.54,0.5,1.14,1.12,1.14,1.18,1.12,1.86,1.87,1.95,1.99,1.88,-0.05,-0.11,-0.11,-0.1,-0.09,3.47,3.39,3.5,3.6,3.41,7.93,-,-,-,-
Union,Westfield,21,7,0.51,0.52,0.53,0.54,0.52,0.36,0.36,0.36,0.36,0.35,1.25,1.27,1.27,1.3,1.29,-0.01,-0.03,-0.03,-0.03,-0.02,2.11,2.12,2.13,2.17,2.14,4.5,-,-,-,-
Union,Union Twp,20,"7, 10",0.54,0.55,0.52,0.53,0.51,1.08,1.13,1.11,1.11,1.08,1.4,1.45,1.42,1.42,1.39,-0.04,-0.09,-0.08,-0.07,-0.07,2.98,3.04,2.97,2.99,2.92,7.17,-,-,-,-
Warren,Hackettstown,23,5,0.66,0.71,0.73,0.68,0.69,0.59,0.62,0.64,0.63,0.64,1.47,1.54,1.68,1.68,1.76,-0.02,-0.06,-0.06,-0.06,-0.06,2.71,2.8,2.99,2.93,3.03,7.21,-,-,-,-
Warren,Allamuchy,24,5,0.77,0.77,0.75,0.76,0.71,0.36,0.39,0.39,0.39,0.39,1.41,1.47,1.51,1.5,1.45,-0.01,-0.06,-0.06,-0.06,-0.05,2.53,2.56,2.59,2.59,2.5,6.02,-,-,-,-
Atlantic,Weymouth,1,2,0.47,0.45,0.5,0.58,0.56,0.4,0.37,0.37,0.4,0.4,1.31,1.24,1.22,1.29,1.32,-0.02,-0.05,-0.05,-0.06,-0.06,2.17,2.01,2.03,2.21,2.22,4.88,-,-,-,-
Bergen,Alpine,37,5,0.22,0.25,0.23,0.28,0.25,0.13,0.14,0.14,0.15,0.15,0.24,0.26,0.25,0.28,0.29,0,0,0,0,0,0.59,0.65,0.62,0.71,0.69,2.65,-,-,-,-
Bergen,Bergenfield,38,5,0.22,0.24,0.24,0.24,0.23,1.04,1.04,1.04,1.03,0.96,1.72,1.73,1.73,1.71,1.62,-0.03,-0.08,-0.07,-0.07,-0.06,2.96,2.93,2.94,2.92,2.75,7.19,-,-,-,-
Bergen,Carlstadt,36,9,0.2,0.22,0.23,0.17,0.24,0.87,0.82,0.75,0.52,0.79,0.86,0.82,0.83,0.59,0.86,-0.01,-0.02,-0.02,-0.01,-0.01,1.91,1.84,1.79,1.27,1.88,4.69,-,-,-,-
Atlantic,Mullica,2,2,0.49,0.47,0.54,0.59,0.54,0.72,0.69,0.74,0.8,0.79,1.34,1.27,1.4,1.62,1.58,-0.03,-0.09,-0.09,-0.1,-0.11,2.53,2.33,2.59,2.91,2.8,6.33,-,-,-,-
Atlantic,Pleasantville,2,2,0.51,0.46,0.54,0.53,0.52,2.38,2.53,2.76,3.01,3.05,1.1,1.09,1.19,1.29,1.33,-0.03,-0.1,-0.1,-0.11,-0.09,3.96,3.98,4.38,4.72,4.8,8.95,-,-,-,-
Atlantic,Port Republic,9,2,0.47,0.51,0.55,0.55,0.56,0.39,0.4,0.42,0.5,0.5,1.26,1.3,1.38,1.43,1.48,-0.02,-0.06,-0.06,-0.07,-0.06,2.11,2.15,2.29,2.41,2.48,6.59,-,-,-,-
Atlantic,Ventnor,2,2,0.46,0.49,0.52,0.53,0.55,0.87,0.94,0.97,1.05,1.03,0.81,0.84,0.88,0.88,0.84,-0.02,-0.04,-0.04,-0.04,-0.04,2.12,2.23,2.33,2.42,2.38,10.13,-,-,-,-
Morris,Pequannock,40,11,0.25,0.25,0.26,0.25,0.25,0.44,0.45,0.46,0.45,0.44,1.25,1.27,1.27,1.27,1.27,-0.02,-0.06,-0.06,-0.05,-0.05,1.92,1.91,1.94,1.92,1.91,5.52,-,-,-,-
Bergen,Closter,39,5,0.23,0.24,0.25,0.25,0.24,0.5,0.5,0.51,0.52,0.51,1.35,1.37,1.4,1.41,1.4,-0.01,-0.04,-0.03,-0.03,-0.03,2.05,2.07,2.12,2.14,2.12,6.51,-,-,-,-
Bergen,Cresskill,37,9,0.22,0.23,0.24,0.24,0.23,0.64,0.64,0.64,0.64,0.65,1.23,1.22,1.22,1.22,1.25,-0.01,-0.04,-0.03,-0.03,-0.03,2.08,2.05,2.07,2.07,2.1,5,-,-,-,-
Warren,Mansfield,23,5,0.75,0.77,0.76,0.75,0.71,0.58,0.58,0.58,0.58,0.57,1.6,1.64,1.68,1.72,1.75,-0.02,-0.06,-0.06,-0.06,-0.06,2.92,2.92,2.97,2.99,2.98,6.25,-,-,-,-
Warren,Oxford,24,5,0.81,0.77,0.8,0.73,0.72,0.42,0.48,0.52,0.51,0.52,2.14,2.33,2.43,2.31,2.34,-0.04,-0.11,-0.12,-0.1,-0.09,3.33,3.46,3.64,3.46,3.49,7.28,-,-,-,-
Warren,Knowlton,24,5,0.79,0.77,0.75,0.76,0.74,0.37,0.37,0.35,0.35,0.36,1.6,1.68,1.68,1.73,1.81,-0.01,-0.07,-0.07,-0.06,-0.06,2.75,2.74,2.71,2.78,2.85,6.83,-,-,-,-
Warren,Lopatcong,23,7,0.78,0.71,0.74,0.76,0.72,0.54,0.54,0.55,0.57,0.58,1.59,1.6,1.58,1.61,1.6,-0.03,-0.08,-0.07,-0.07,-0.07,2.88,2.77,2.81,2.88,2.83,6.41,-,-,-,-
Atlantic,Buena,2,2,0.47,0.5,0.49,0.56,0.58,0.99,1.05,1.06,1.09,1.13,1.54,1.55,1.55,1.63,1.78,-0.06,-0.13,-0.11,-0.12,-0.13,2.94,2.98,2.98,3.15,3.36,7.05,-,-,-,-
Atlantic,Buena Vista,2,2,0.5,0.49,0.53,0.55,0.56,0.42,0.42,0.43,0.45,0.46,1.57,1.56,1.63,1.7,1.74,-0.07,-0.14,-0.12,-0.12,-0.12,2.42,2.33,2.47,2.57,2.64,6.78,-,-,-,-
Atlantic,Absecon,2,2,0.46,0.46,0.49,0.53,0.5,0.95,0.94,0.95,0.96,0.93,1.43,1.44,1.54,1.64,1.62,-0.05,-0.1,-0.09,-0.1,-0.09,2.79,2.75,2.88,3.04,2.97,7.17,-,-,-,-
Atlantic,Atlantic City,2,2,0.36,0.34,0.39,0.27,0.22,1.75,1.53,1.92,2,1.88,1.2,1.08,1.55,1.5,1.56,-0.01,-0.02,-0.02,-0.05,-0.03,3.3,2.93,3.84,3.71,3.63,12.79,-,-,-,-
Bergen,Dumont,39,5,0.24,0.23,0.23,0.25,0.24,0.9,0.89,0.88,0.88,0.88,1.89,1.85,1.81,1.81,1.79,-0.05,-0.11,-0.09,-0.09,-0.09,2.98,2.87,2.83,2.85,2.82,8.21,-,-,-,-
Bergen,Englewood,37,9,0.23,0.24,0.24,0.24,0.24,0.98,0.97,0.97,1,1.04,1.08,1.09,1.09,1.07,1.08,-0.01,-0.02,-0.02,-0.02,-0.02,2.29,2.28,2.28,2.3,2.35,4.32,-,-,-,-
Bergen,Englewood Cliffs,37,9,0.23,0.24,0.24,0.22,0.24,0.36,0.39,0.38,0.36,0.38,0.33,0.35,0.39,0.38,0.37,0,-0.01,-0.01,-0.01,-0.01,0.91,0.96,1,0.96,0.98,3.51,-,-,-,-
Bergen,East Rutherford,36,9,0.2,0.26,0.28,0.3,0.17,0.48,0.51,0.48,0.52,0.45,0.93,1.03,0.96,1.03,0.96,-0.01,-0.03,-0.02,-0.02,-0.02,1.59,1.78,1.69,1.82,1.56,4.58,-,-,-,-
Bergen,Elmwood Park,35,9,0.23,0.24,0.25,0.23,0.25,0.84,0.84,0.85,0.79,0.8,1.56,1.63,1.66,1.56,1.56,-0.05,-0.1,-0.09,-0.08,-0.08,2.57,2.61,2.66,2.5,2.53,7.69,-,-,-,-
Bergen,Garfield,35,9,0.23,0.24,0.24,0.24,0.23,1.09,1.1,1.05,1.02,0.98,1.18,1.19,1.2,1.19,1.15,-0.02,-0.06,-0.05,-0.05,-0.04,2.48,2.47,2.44,2.4,2.32,6.56,-,-,-,-
Bergen,Hackensack,37,5,0.21,0.21,0.23,0.22,0.23,1.4,1.36,1.48,1.48,1.47,1.32,1.27,1.38,1.42,1.41,-0.01,-0.03,-0.03,-0.03,-0.03,2.92,2.81,3.05,3.1,3.08,7.32,-,-,-,-
Monmouth,Roosevelt,12,4,0.29,0.32,0.29,0.29,0.01,0.71,0.76,0.72,0.74,0.02,1.85,1.95,1.83,1.82,0.04,-0.02,-0.07,-0.06,-0.32,-0.01,2.84,2.96,2.78,2.54,0.06,7.19,-,-,-,-
Bergen,Fairview,32,8,0.23,0.22,0.22,0.24,0.24,1.2,1.16,1.08,1.08,1.08,1.22,1.16,1.09,1.16,1.19,-0.02,-0.05,-0.04,-0.04,-0.04,2.63,2.49,2.35,2.44,2.47,8.57,-,-,-,-
Monmouth,Sea Bright,13,6,0.33,0.31,0.28,0.28,0.08,0.56,0.62,0.6,0.6,0.17,0.49,0.47,0.44,0.56,0.16,0,-0.01,-0.01,-0.02,-0.01,1.38,1.39,1.31,1.42,0.41,6.18,-,-,-,-
Bergen,Franklin Lakes,40,5,0.23,0.23,0.25,0.25,0.25,0.23,0.22,0.23,0.23,0.23,1,0.98,1.02,1.02,1.03,0,-0.01,-0.01,-0.01,-0.01,1.45,1.43,1.49,1.5,1.5,3.03,-,-,-,-
Monmouth,Ocean Twp,11,4,0.3,0.29,0.29,0.28,0.27,0.46,0.44,0.44,0.44,0.4,1.3,1.28,1.29,1.31,1.25,-0.01,-0.05,-0.04,-0.04,-0.04,2.04,1.97,1.98,1.98,1.89,5.82,-,-,-,-
Monmouth,Red Bank,11,4,0.28,0.27,0.28,0.27,6.76,0.58,0.54,0.54,0.54,14.08,1.16,1.2,1.21,1.2,30.62,-0.01,-0.03,-0.03,0,-0.05,2.02,1.98,2,2.01,51.4,5.73,-,-,-,-
Bergen,Harrington Park,39,5,0.23,0.24,0.24,0.25,0.24,0.49,0.48,0.48,0.49,0.5,1.68,1.69,1.7,1.75,1.77,-0.01,-0.05,-0.04,-0.04,-0.04,2.38,2.35,2.38,2.45,2.48,7.13,-,-,-,-
Monmouth,Monmouth Beach,13,6,0.3,0.31,0.28,0.27,0.23,0.31,0.33,0.32,0.32,0.25,0.59,0.6,0.63,0.59,0.45,0,-0.02,-0.02,-0.03,-0.02,1.19,1.22,1.22,1.15,0.91,4.04,-,-,-,-
Monmouth,Neptune City,11,4,0.31,0.04,0.29,0.29,0.04,1,0.14,0.94,0.92,0.13,1.26,0.19,1.23,1.19,0.17,-0.04,-0.01,-0.06,-0.33,-0.04,2.53,0.36,2.39,2.07,0.3,1.17,-,-,-,-
Warren,Independence,24,5,0.74,0.77,0.75,0.74,0.73,0.45,0.46,0.47,0.47,0.48,1.52,1.59,1.59,1.61,1.6,-0.02,-0.07,-0.07,-0.06,-0.06,2.7,2.75,2.75,2.75,2.74,6.6,-,-,-,-
Monmouth,Marlboro,13,6,0.31,0.31,0.3,0.29,0.31,0.36,0.35,0.36,0.35,0.38,1.36,1.41,1.43,1.41,1.49,0,-0.03,-0.03,-0.03,-0.03,2.03,2.03,2.06,2.02,2.16,5.02,-,-,-,-
Warren,Hope,24,5,0.76,0.78,0.77,0.74,0.68,0.3,0.37,0.39,0.39,0.38,1.61,1.67,1.7,1.66,1.6,-0.01,-0.07,-0.06,-0.06,-0.06,2.65,2.75,2.81,2.73,2.6,8.35,-,-,-,-
Monmouth,Middletown,13,"4, 6",0.29,0.29,0.27,0.27,2.69,0.47,0.47,0.47,0.46,4.94,1.29,1.32,1.31,1.33,13.09,-0.01,-0.05,-0.04,-0.01,-0.05,2.03,2.04,2,2.05,20.67,5.29,-,-,-,-
Monmouth,Long Branch,11,6,0.28,0.28,0.26,0.26,0.76,0.8,0.79,0.78,0.78,2.13,0.78,0.82,0.83,0.85,2.44,-0.01,-0.03,-0.02,-0.01,-0.02,1.85,1.86,1.85,1.88,5.31,8.25,-,-,-,-
Monmouth,Manasquan,30,4,0.32,0.31,0.29,0.29,0.13,0.32,0.32,0.32,0.32,0.14,0.71,0.7,0.72,0.73,0.32,-0.01,-0.03,-0.02,-0.06,-0.02,1.34,1.31,1.31,1.28,0.57,5.56,-,-,-,-
Atlantic,Hamilton,2,2,0.47,0.48,0.54,0.56,0.52,0.76,0.78,0.83,0.84,0.78,1.37,1.41,1.54,1.59,1.52,-0.02,-0.07,-0.06,-0.06,-0.06,2.58,2.61,2.85,2.93,2.77,6.18,-,-,-,-
Atlantic,Longport,2,2,0.49,0.5,0.52,0.54,0.55,0.32,0.32,0.32,0.31,0.31,0.05,0.05,0.06,0.05,0.06,0,-0.01,-0.01,-0.01,-0.01,0.85,0.86,0.89,0.9,0.91,8.86,-,-,-,-
Atlantic,Somers Point,2,2,0.48,0.5,0.52,0.55,0.54,0.85,0.91,0.95,0.96,0.98,1.4,1.47,1.48,1.56,1.59,-0.03,-0.07,-0.06,-0.06,-0.06,2.7,2.82,2.88,3.01,3.04,7.54,-,-,-,-
Monmouth,Sea Girt,30,4,0.3,0.29,0.3,0.28,0.59,0.24,0.22,0.22,0.21,0.42,0.2,0.19,0.19,0.19,0.39,0,-0.01,-0.01,-0.01,-0.02,0.73,0.69,0.71,0.68,1.37,3.47,-,-,-,-
Bergen,Allendale,40,5,0.23,0.24,0.24,0.25,0.24,0.51,0.52,0.51,0.51,0.52,1.41,1.41,1.42,1.39,1.4,-0.01,-0.02,-0.02,-0.02,-0.02,2.14,2.15,2.14,2.13,2.14,4.52,-,-,-,-
Bergen,Bogota,37,5,0.23,0.24,0.24,0.25,0.23,0.99,1.02,1.03,1.02,0.97,2.06,2.08,2.05,2.04,1.96,-0.03,-0.09,-0.08,-0.08,-0.07,3.25,3.25,3.24,3.23,3.09,8.36,-,-,-,-
Bergen,Cliffside Park,36,9,0.23,0.23,0.24,0.24,0.24,0.8,0.8,0.81,0.78,0.78,1.03,1.04,1.04,1.01,1.02,-0.02,-0.05,-0.05,-0.04,-0.04,2.04,2.02,2.04,1.98,2,6.5,-,-,-,-
Bergen,Demarest,39,5,0.22,0.24,0.24,0.25,0.24,0.44,0.45,0.44,0.44,0.43,1.31,1.33,1.32,1.35,1.39,-0.01,-0.03,-0.03,-0.02,-0.02,1.97,1.99,1.98,2.01,2.04,5.29,-,-,-,-
Bergen,Ho-Ho-Kus,40,5,0.23,0.23,0.24,0.25,0.25,0.51,0.49,0.5,0.5,0.52,1.02,1,1.03,1.06,1.09,-0.01,-0.02,-0.02,-0.02,-0.02,1.75,1.71,1.75,1.79,1.84,3.61,-,-,-,-
Bergen,Haworth,39,5,0.23,0.24,0.25,0.25,0.25,0.56,0.58,0.62,0.63,0.63,1.48,1.5,1.62,1.56,1.56,-0.01,-0.03,-0.03,-0.03,-0.02,2.26,2.3,2.46,2.41,2.42,6.95,-,-,-,-
Bergen,Leonia,37,9,0.23,0.23,0.24,0.25,0.24,0.8,0.76,0.76,0.75,0.75,1.54,1.5,1.44,1.51,1.51,-0.02,-0.05,-0.04,-0.04,-0.04,2.55,2.44,2.4,2.47,2.46,7.18,-,-,-,-
Bergen,Lodi,38,5,0.22,0.23,0.25,0.23,0.23,0.84,0.82,0.86,0.79,0.73,1.9,1.84,1.89,1.7,1.57,-0.05,-0.1,-0.08,-0.07,-0.06,2.91,2.79,2.92,2.64,2.48,8.13,-,-,-,-
Bergen,Lyndhurst,36,9,0.24,0.21,0.21,0.23,0.25,1.18,1.15,1.04,0.95,0.99,1.3,1.26,1.14,1.11,1.18,-0.04,-0.07,-0.05,-0.05,-0.05,2.68,2.55,2.33,2.24,2.37,6.36,-,-,-,-
Bergen,Maywood,38,5,0.23,0.24,0.24,0.25,0.23,0.92,0.9,0.88,0.88,0.85,1.34,1.36,1.36,1.37,1.33,-0.03,-0.07,-0.06,-0.06,-0.06,2.46,2.43,2.41,2.44,2.36,6.72,-,-,-,-
Bergen,Midland Park,40,5,0.23,0.24,0.24,0.25,0.25,0.6,0.6,0.58,0.6,0.6,1.62,1.66,1.63,1.65,1.68,-0.03,-0.06,-0.06,-0.06,-0.05,2.42,2.43,2.4,2.44,2.47,6.87,-,-,-,-
Bergen,Moonachie,36,9,0.24,0.19,0.23,0.24,0.25,0.76,0.75,0.92,0.98,1.04,0.84,0.81,0.88,0.97,1.07,-0.02,-0.03,-0.03,-0.03,-0.03,1.82,1.72,2,2.16,2.32,4.4,-,-,-,-
Bergen,New Milford,38,5,0.23,0.23,0.25,0.25,0.24,0.87,0.86,0.87,0.86,0.84,1.66,1.67,1.73,1.76,1.76,-0.03,-0.09,-0.08,-0.08,-0.07,2.73,2.68,2.76,2.8,2.76,7.25,-,-,-,-
Bergen,Northvale,37,5,0.24,0.23,0.25,0.24,0.24,0.63,0.6,0.62,0.6,0.63,1.56,1.53,1.56,1.53,1.56,-0.03,-0.06,-0.05,-0.05,-0.04,2.4,2.3,2.38,2.33,2.39,8.19,-,-,-,-
Monmouth,West Long Branch,11,6,0.32,0.3,0.29,0.27,0.3,0.64,0.64,0.62,0.61,0.63,1.19,1.16,1.13,1.12,1.09,-0.02,-0.05,-0.04,-0.04,-0.04,2.13,2.05,2,1.97,1.97,6.38,-,-,-,-
Morris,Boonton Twp,25,11,0.26,0.25,0.26,0.26,0.25,0.41,0.41,0.43,0.43,0.42,1.34,1.37,1.4,1.41,1.38,-0.01,-0.03,-0.03,-0.03,-0.02,2.01,2,2.06,2.07,2.02,4.36,-,-,-,-
Mercer,Princeton (as of 1/1/2013),16,12,0.61,0.59,0.61,0.61,0.61,0.4,0.4,0.41,0.41,0.4,0.96,0.95,0.96,0.96,0.97,0,-0.01,-0.01,-0.01,-0.01,1.96,1.94,1.96,1.96,1.97,4.3,-,-,-,-
Monmouth,Shrewsbury Twp,11,4,0.33,0.31,0.29,0.29,0.04,1.6,1.63,1.45,1.47,0.19,1.25,1.21,1.21,1.16,0.13,-0.02,-0.09,-0.08,-0.18,-0.02,3.16,3.06,2.88,2.74,0.34,5.88,-,-,-,-
Atlantic,Corbin City,1,2,0.48,0.51,0.49,0.55,0.58,0.24,0.25,0.28,0.29,0.32,0.99,1.01,0.96,0.95,0.99,-0.03,-0.06,-0.06,-0.05,-0.05,1.68,1.71,1.68,1.75,1.84,4.8,-,-,-,-
Monmouth,Spring Lake Heights,30,4,0.3,0.29,0.29,0.29,0.11,0.37,0.35,0.39,0.39,0.14,0.7,0.69,0.7,0.7,0.27,-0.01,-0.04,-0.02,-0.09,-0.03,1.36,1.29,1.36,1.29,0.49,5.19,-,-,-,-
Monmouth,Union Beach,13,6,0.34,0.31,0.3,0.29,0.28,1.19,1.19,1.17,1.18,1.13,1.14,1.11,1.14,1.16,1.09,-0.02,-0.07,-0.1,-0.06,-0.06,2.65,2.53,2.51,2.57,2.45,7.04,-,-,-,-
Atlantic,Folsom,2,2,0.52,0.5,0.5,0.59,0.55,0.38,0.39,0.38,0.41,0.39,1.06,1.08,1.07,1.14,1.1,-0.03,-0.06,-0.05,-0.06,-0.06,1.94,1.91,1.89,2.08,1.99,4.68,-,-,-,-
Monmouth,Upper Freehold,12,4,0.3,0.3,0.3,0.29,0.29,0.26,0.27,0.28,0.28,0.29,1.68,1.7,1.74,1.76,1.78,-0.01,-0.04,-0.03,-0.04,-0.04,2.23,2.22,2.28,2.29,2.32,6.32,-,-,-,-
Atlantic,Egg Harbor,2,2,0.54,0.45,0.51,0.57,0.56,1.95,1.8,1.81,1.91,2.08,1.96,1.87,2.01,2.06,2.2,-0.11,-0.16,-0.14,-0.16,-0.17,4.34,3.96,4.2,4.38,4.67,8.56,-,-,-,-
Passaic,Pompton Lakes,40,11,0.71,0.77,0.74,0.71,0.71,0.86,0.89,0.88,0.85,0.85,2.06,2.1,2.11,2.05,2,-0.04,-0.11,-0.1,-0.09,-0.08,3.58,3.65,3.63,3.51,3.48,8.62,-,-,-,-
Passaic,North Haledon,35,11,0.7,0.77,0.74,0.73,0.72,0.72,0.74,0.77,0.76,0.75,1.02,1,0.98,0.99,0.96,-0.04,-0.09,-0.08,-0.08,-0.07,2.39,2.41,2.41,2.4,2.36,7.39,-,-,-,-
Passaic,Wayne,40,11,0.71,0.74,0.72,0.75,0.71,0.63,0.63,0.6,0.59,0.58,1.46,1.48,1.45,1.48,1.46,-0.03,-0.06,-0.05,-0.05,-0.05,2.78,2.79,2.71,2.77,2.71,6.93,-,-,-,-
Passaic,Ringwood,39,5,0.71,0.76,0.75,0.72,0.71,0.68,0.68,0.69,0.69,0.69,1.66,1.71,1.81,1.82,1.8,-0.02,-0.07,-0.07,-0.07,-0.06,3.03,3.08,3.19,3.17,3.14,7.38,-,-,-,-
Ocean,Surf City,9,2,0.4,0.16,0.39,0.41,0.15,0.24,0.1,0.24,0.25,0.1,0.26,0.11,0.27,0.29,0.11,0,0,-0.01,-0.13,-0.05,0.9,0.36,0.9,0.81,0.31,6.95,-,-,-,-
Ocean,Seaside Heights,10,3,0.42,0.13,0.4,0.41,0.12,0.84,0.28,0.92,0.94,0.3,0.64,0.25,0.88,0.85,0.26,0,0,-0.01,-0.06,-0.02,1.9,0.66,2.19,2.13,0.67,13.04,-,-,-,-
Passaic,Haledon,35,9,0.7,0.78,0.73,0.71,0.68,1.29,1.37,1.35,1.33,1.28,1.89,2.06,2.05,2.07,1.97,-0.06,-0.1,-0.1,-0.09,-0.09,3.82,4.11,4.02,4.02,3.85,8.89,-,-,-,-
Passaic,Bloomingdale,39,11,0.69,0.76,0.73,0.73,0.77,0.95,0.97,0.95,0.92,0.96,1.94,1.98,1.96,1.94,2.05,-0.06,-0.12,-0.11,-0.11,-0.11,3.52,3.59,3.52,3.49,3.68,8.57,-,-,-,-
Salem,Elmer,3,2,1.03,0.94,1.09,1.16,0.21,0.58,0.56,0.58,0.59,0.1,1.31,1.25,1.27,1.3,0.29,-0.05,-0.09,-0.09,-0.48,-0.07,2.87,2.66,2.85,2.57,0.54,6.42,-,-,-,-
Salem,Mannington,3,2,0.96,0.97,1.13,1.08,0.79,0.32,0.31,0.32,0.29,0.21,1.34,1.3,1.41,1.38,1.03,-0.02,-0.05,-0.05,-0.03,-0.02,2.61,2.52,2.81,2.71,2.01,5.62,-,-,-,-
Hunterdon,Lebanon Twp,23,7,0.36,0.36,0.37,0.37,0.38,0.15,0.2,0.24,0.27,0.29,1.64,1.61,1.66,1.69,1.74,-0.01,-0.05,-0.05,-0.05,-0.05,2.15,2.12,2.22,2.28,2.36,5.42,-,-,-,-
Hunterdon,Raritan Twp,16,7,0.37,0.36,0.36,0.37,0.37,0.31,0.31,0.31,0.31,0.3,1.68,1.65,1.66,1.71,1.72,-0.01,-0.03,-0.03,-0.03,-0.03,2.35,2.29,2.3,2.36,2.37,5.02,-,-,-,-
Hunterdon,Kingwood,23,7,0.36,0.38,0.37,0.36,0.38,0.24,0.26,0.26,0.26,0.3,1.5,1.56,1.57,1.55,1.62,-0.01,-0.05,-0.04,-0.04,-0.04,2.09,2.16,2.16,2.13,2.26,6.33,-,-,-,-
Hunterdon,Lebanon,23,7,0.35,0.37,0.36,0.37,0.36,0.33,0.36,0.38,0.4,0.41,1.44,1.45,1.49,1.45,1.38,-0.01,-0.04,-0.03,-0.03,-0.03,2.11,2.15,2.2,2.19,2.13,4.92,-,-,-,-
Hunterdon,West Amwell,15,7,0.36,0.38,0.38,0.36,0.36,0.29,0.31,0.34,0.34,0.35,1.14,1.55,1.62,1.56,1.5,-0.01,-0.04,-0.05,-0.05,-0.05,1.77,2.2,2.29,2.21,2.17,5.35,-,-,-,-
Hunterdon,Readington,16,7,0.38,0.36,0.36,0.37,0.38,0.46,0.45,0.44,0.47,0.48,1.55,1.51,1.46,1.49,1.54,-0.01,-0.04,-0.04,-0.03,-0.04,2.38,2.28,2.23,2.29,2.36,5.57,-,-,-,-
Hunterdon,Tewksbury,23,7,0.37,0.37,0.37,0.37,0.37,0.33,0.34,0.35,0.37,0.38,1.25,1.26,1.29,1.35,1.33,0,-0.02,-0.02,-0.02,-0.02,1.95,1.95,1.99,2.06,2.05,4.74,-,-,-,-
Hunterdon,Hampton Boro,23,7,0.38,0.39,0.37,0.36,0.37,0.52,0.61,0.63,0.67,0.67,2.03,2.15,2.09,2.04,2.06,-0.02,-0.08,-0.08,-0.07,-0.06,2.91,3.06,3.02,3,3.03,8.13,-,-,-,-
Hunterdon,High Bridge,23,7,0.36,0.37,0.37,0.37,0.37,0.88,0.89,0.94,0.95,0.9,2.21,2.16,2.21,2.22,2.22,-0.03,-0.09,-0.08,-0.07,-0.06,3.43,3.32,3.45,3.47,3.43,8.03,-,-,-,-
Hunterdon,Frenchtown,23,7,0.35,0.36,0.4,0.35,0.39,0.64,0.76,0.8,0.77,0.8,1.67,1.67,1.84,1.7,1.77,-0.03,-0.06,-0.08,-0.07,-0.06,2.63,2.72,2.96,2.75,2.9,6.58,-,-,-,-
Camden,Tavistock,6,1,0.86,0.9,0.9,0.9,0.9,0.68,0.68,0.69,0.7,0.71,0.12,0.24,0.23,0.23,0.23,0,0,0,0,0,1.66,1.82,1.82,1.83,1.85,-,-,-,-,-
Camden,Winslow,4,1,0.83,0.88,0.9,0.89,0.88,0.58,0.58,0.6,0.61,0.6,1.75,1.78,1.82,1.85,1.84,-0.03,-0.1,-0.09,-0.09,-0.08,3.13,3.13,3.23,3.25,3.23,7.13,-,-,-,-
Camden,Pine Hill,8,1,0.87,0.88,0.86,0.84,0.92,1.05,1.1,1.11,1.13,1.16,2.4,2.51,2.53,2.62,2.75,-0.07,-0.18,-0.17,-0.17,-0.15,4.25,4.31,4.33,4.42,4.69,8.48,-,-,-,-
Camden,Somerdale,6,1,0.84,0.88,0.88,0.89,0.9,1.04,1.05,1.04,1.04,1.05,1.89,2,2.02,2.09,2.13,-0.07,-0.15,-0.14,-0.14,-0.13,3.69,3.77,3.79,3.87,3.95,7.39,-,-,-,-
Cape May,Stone Harbor,1,2,0.25,0.25,0.25,0.25,0.25,0.26,0.26,0.25,0.24,0.25,0.06,0.06,0.06,0.06,0.05,0,0,0,0,0,0.57,0.56,0.55,0.55,0.56,7.9,-,-,-,-
Cape May,Lower Township,1,2,0.25,0.25,0.26,0.26,0.26,0.52,0.53,0.53,0.53,0.52,0.74,0.76,0.81,0.79,0.75,-0.01,-0.04,-0.04,-0.04,-0.03,1.5,1.51,1.56,1.54,1.49,6.71,-,-,-,-
Cape May,Ocean City,1,2,0.22,0.22,0.22,0.23,0.23,0.39,0.4,0.4,0.43,0.43,0.21,0.21,0.21,0.21,0.2,0,-0.01,0,0,0,0.82,0.83,0.83,0.85,0.86,5.8,-,-,-,-
Cumberland,Hopewell,1,2,1.15,1.1,1.07,1.1,1.15,0.2,0.22,0.23,0.23,0.23,1.63,1.62,1.54,1.55,1.53,-0.03,-0.13,-0.11,-0.1,-0.11,2.94,2.8,2.73,2.77,2.81,6.02,-,-,-,-
Cumberland,Commercial,1,2,1.11,1.14,1.08,1.12,1.26,0.7,0.72,0.69,0.67,0.71,0.76,0.89,0.84,0.82,0.92,-0.06,-0.13,-0.13,-0.12,-0.12,2.51,2.62,2.48,2.48,2.77,6.59,-,-,-,-
Cape May,Wildwood Crest,1,2,0.25,0.26,0.25,0.26,0.26,0.67,0.69,0.69,0.69,0.68,0.31,0.32,0.32,0.34,0.34,-0.01,-0.01,-0.01,-0.01,-0.01,1.22,1.24,1.25,1.28,1.27,6.34,-,-,-,-
Cape May,West Cape May,1,2,0.26,0.25,0.24,0.26,0.25,0.35,0.34,0.34,0.34,0.33,0.61,0.6,0.61,0.57,0.57,-0.01,-0.02,-0.02,-0.02,-0.01,1.21,1.17,1.17,1.16,1.14,7.63,-,-,-,-
Burlington,Springfield,8,3,0.39,0.4,0.39,0.4,0.4,0.48,0.51,0.5,0.54,0.57,1.79,1.82,1.82,1.75,1.75,-0.02,-0.06,-0.06,-0.06,-0.06,2.65,2.67,2.65,2.63,2.67,6.97,-,-,-,-
Burlington,Westampton,8,3,0.4,0.38,0.38,0.41,0.4,0.59,0.6,0.57,0.58,0.63,1.3,1.23,1.2,1.25,1.27,-0.01,-0.04,-0.03,-0.03,-0.03,2.28,2.17,2.12,2.2,2.26,5.37,-,-,-,-
Burlington,Woodland,8,3,0.36,0.4,0.38,0.41,0.4,0.09,0.09,0.08,0.08,0.08,1.53,1.72,1.74,1.82,1.94,-0.01,-0.05,-0.05,-0.05,-0.05,1.97,2.16,2.16,2.26,2.38,6.16,-,-,-,-
Camden,Berlin,8,1,0.85,0.82,0.82,0.84,0.83,0.65,0.66,0.68,0.72,0.74,1.47,1.53,1.54,1.56,1.62,-0.04,-0.1,-0.09,-0.09,-0.09,2.94,2.92,2.95,3.03,3.1,6.89,-,-,-,-
Camden,Brooklawn,5,1,0.9,0.91,0.88,0.8,0.92,1.59,1.68,1.7,1.57,1.64,1.09,1.14,1.17,1.1,1.15,-0.05,-0.14,-0.12,-0.1,-0.09,3.54,3.58,3.63,3.38,3.61,5.87,-,-,-,-
Camden,Chesilhurst,4,1,0.78,0.92,0.87,0.88,0.9,1.38,1.5,1.57,1.65,1.75,0.89,0.94,0.93,0.93,0.94,-0.08,-0.16,-0.14,-0.13,-0.12,2.97,3.21,3.23,3.33,3.47,8.43,-,-,-,-
Camden,Gibbsboro,6,1,0.89,0.83,0.93,0.88,0.89,0.83,0.82,0.92,0.93,0.97,1.78,1.77,2.02,1.99,1.97,-0.05,-0.12,-0.13,-0.13,-0.13,3.46,3.3,3.74,3.67,3.7,7.32,-,-,-,-
Camden,Gloucester Twp,4,1,0.86,0.85,0.87,0.87,0.87,1,0.96,1.06,1.04,1.08,1.71,1.66,1.76,1.78,1.74,-0.04,-0.13,-0.12,-0.13,-0.12,3.53,3.33,3.58,3.56,3.58,6.8,-,-,-,-
Camden,Haddonfield,6,1,0.79,0.8,0.83,0.83,0.84,0.48,0.46,0.46,0.46,0.47,1.57,1.54,1.57,1.61,1.66,-0.02,-0.04,-0.04,-0.04,-0.03,2.83,2.76,2.82,2.87,2.93,5.51,-,-,-,-
Camden,Oaklyn,6,1,0.84,0.89,0.91,0.88,0.87,1.2,1.26,1.33,1.33,1.33,1.64,1.71,1.8,1.82,1.81,-0.07,-0.15,-0.15,-0.14,-0.13,3.61,3.71,3.9,3.89,3.88,7.75,-,-,-,-
Camden,Magnolia,5,1,0.87,0.85,0.88,0.87,0.89,1.02,1.01,1.02,1,1.04,2.09,2.05,2.11,2.13,2.17,-0.08,-0.17,-0.15,-0.15,-0.14,3.91,3.74,3.85,3.86,3.96,7.67,-,-,-,-
Burlington,Riverton,7,3,0.38,0.4,0.39,0.4,0.4,0.76,0.75,0.74,0.74,0.74,1.89,1.86,1.82,1.87,1.93,-0.02,-0.07,-0.06,-0.06,-0.06,3.01,2.94,2.89,2.95,3.02,5.52,-,-,-,-
Burlington,Pemberton,8,3,0.38,0.42,0.41,0.42,0.4,0.39,0.41,0.42,0.45,0.5,0.78,0.83,0.85,0.89,0.88,-0.01,-0.07,-0.07,-0.08,-0.07,1.55,1.59,1.6,1.69,1.7,3.95,-,-,-,-
Burlington,Riverside,7,3,0.39,0.42,0.4,0.38,0.42,1.03,1.07,1.08,1.06,1.11,1.91,1.98,1.98,1.92,2.04,-0.06,-0.15,-0.13,-0.12,-0.13,3.26,3.32,3.32,3.24,3.44,7.51,-,-,-,-
Burlington,North Hanover,12,3,0.38,0.4,0.41,0.4,0.4,0.33,0.36,0.33,0.33,0.35,1.34,1.34,1.36,1.36,1.37,-0.02,-0.05,-0.05,-0.05,-0.05,2.04,2.04,2.04,2.04,2.07,4.02,-,-,-,-
Burlington,Palmyra,7,1,0.37,0.43,0.42,0.4,0.4,1.03,1.09,1.12,1.12,1.14,1.68,1.85,1.95,2.01,2.02,-0.04,-0.12,-0.12,-0.11,-0.11,3.05,3.26,3.37,3.42,3.45,7.08,-,-,-,-
Burlington,Mount Laurel,7,3,0.36,0.37,0.37,0.36,0.37,0.39,0.39,0.39,0.38,0.39,1.6,1.57,1.6,1.58,1.66,-0.02,-0.05,-0.04,-0.04,-0.04,2.34,2.27,2.32,2.29,2.38,5.07,-,-,-,-
Burlington,New Hanover,12,3,0.33,0.4,0.39,0.4,0.41,-,-,-,0.07,0.07,1.25,1.39,1.34,1.35,1.34,-0.01,-0.04,-0.04,-0.04,-0.04,1.57,1.75,1.69,1.77,1.77,3.94,-,-,-,-
Burlington,Medford,8,3,0.38,2.86,0.41,0.4,0.4,0.42,2.91,0.4,0.39,0.39,2.01,14.33,2.01,2.02,2.05,-0.01,-0.38,-0.05,-0.05,-0.04,2.79,19.72,2.77,2.77,2.79,5.47,-,-,-,-
Burlington,Mount Holly,8,3,0.38,0.41,0.4,0.4,0.39,0.79,0.8,0.79,0.79,0.82,1.62,1.67,1.71,1.74,1.73,-0.03,-0.09,-0.08,-0.08,-0.07,2.76,2.8,2.83,2.85,2.87,6.3,-,-,-,-
Burlington,Southampton,8,3,0.38,0.41,0.4,0.4,0.39,0.34,0.36,0.37,0.38,0.37,1.66,1.68,1.71,1.72,1.67,-0.03,-0.11,-0.1,-0.1,-0.1,2.35,2.34,2.38,2.4,2.34,6.19,-,-,-,-
Burlington,Shamong,8,3,0.37,0.42,0.4,0.41,0.39,0.06,0.08,0.1,0.11,0.11,1.91,2.05,2.09,2.17,2.06,-0.01,-0.05,-0.05,-0.05,-0.04,2.34,2.5,2.54,2.64,2.52,5.36,-,-,-,-
Burlington,Medford Lakes,8,3,0.38,0.06,0.4,0.39,0.39,0.59,0.08,0.61,0.61,0.61,1.91,0.27,1.97,1.95,2.04,-0.02,-0.01,-0.07,-0.06,-0.06,2.87,0.4,2.92,2.89,2.97,7.07,-,-,-,-
Hunterdon,Union Twp,23,7,0.37,0.38,0.37,0.37,0.36,0.21,0.23,0.23,0.25,0.25,1.71,1.66,1.64,1.64,1.62,-0.01,-0.04,-0.03,-0.03,-0.03,2.29,2.24,2.22,2.23,2.2,5.36,-,-,-,-
Hunterdon,Stockton,16,7,0.36,0.36,0.37,0.39,0.38,0.39,0.4,0.41,0.44,0.46,1.33,1.28,1.27,1.31,1.28,-0.04,-0.06,-0.06,-0.06,-0.05,2.03,1.98,1.99,2.09,2.07,7.65,-,-,-,-
Hunterdon,Lambertville,15,7,0.34,0.33,0.33,0.34,0.35,0.33,0.31,0.3,0.3,0.31,1.2,1.19,1.17,1.22,1.29,-0.01,-0.04,-0.03,-0.03,-0.03,1.86,1.8,1.76,1.83,1.92,4.91,-,-,-,-
Mercer,Lawrence,15,12,0.66,0.64,0.66,0.7,0.67,0.53,0.51,0.5,0.52,0.54,1.29,1.28,1.32,1.39,1.37,-0.01,-0.04,-0.03,-0.03,-0.03,2.46,2.39,2.45,2.57,2.55,4.96,-,-,-,-
Mercer,Trenton,15,12,0.62,0.64,0.61,0.62,0.59,3.15,3.33,3.3,3.32,3.36,0.96,1,0.98,0.95,0.95,-0.03,-0.08,-0.06,-0.06,-0.05,4.7,4.89,4.83,4.82,4.87,7.36,-,-,-,-
Mercer,Ewing,15,12,0.7,0.68,0.67,0.71,0.66,0.87,0.9,0.91,0.96,0.94,1.97,2.03,2.05,2.15,1.99,-0.03,-0.09,-0.08,-0.08,-0.07,3.51,3.52,3.54,3.74,3.52,6.88,-,-,-,-
Mercer,Hightstown,14,12,0.7,0.66,0.68,0.68,0.63,1.09,1.1,1.12,1.18,1.16,2.07,2.08,2.1,2.12,1.95,-0.02,-0.08,-0.07,-0.07,-0.06,3.83,3.76,3.84,3.91,3.67,6.91,-,-,-,-
Middlesex,Highland Park,18,6,0.41,0.4,0.4,0.38,0.39,0.82,0.86,0.9,0.87,0.87,1.96,1.97,2.16,2,2.04,-0.02,-0.06,-0.05,-0.05,-0.04,3.17,3.16,3.41,3.2,3.26,6.44,-,-,-,-
Middlesex,Middlesex Borough,22,12,0.4,0.4,0.38,0.39,0.65,0.81,0.83,0.82,0.82,1.36,1.6,1.63,1.62,1.64,2.76,-0.05,-0.11,-0.08,-0.05,-0.08,2.77,2.75,2.74,2.81,4.69,7.21,-,-,-,-
Middlesex,Carteret,19,6,0.35,0.4,0.35,0.38,0.36,1.05,1.11,1,1.22,1.12,1.16,1.22,1.08,1.19,1.12,-0.02,-0.06,-0.06,-0.06,-0.04,2.54,2.66,2.36,2.74,2.55,6.07,-,-,-,-
Middlesex,East Brunswick,18,12,0.4,0.4,0.39,0.39,0.38,0.49,0.51,0.53,0.53,0.51,1.72,1.77,1.78,1.75,1.71,-0.02,-0.06,-0.06,-0.05,-0.05,2.58,2.62,2.65,2.62,2.56,6.39,-,-,-,-
Hudson,Bayonne,31,"8, 10",0.52,0.54,0.51,0.46,0.42,1.25,1.31,1.36,1.27,1.21,1.31,1.33,1.28,1.28,1.23,-0.03,-0.06,-0.05,-0.05,-0.04,3.05,3.12,3.09,2.96,2.82,6.23,-,-,-,-
Gloucester,Woodbury Heights,3,1,0.66,0.69,0.72,0.72,0.72,1.04,1.06,1.09,1.11,1.12,2.08,2.14,2.22,2.29,2.32,-0.06,-0.14,-0.14,-0.13,-0.12,3.72,3.75,3.9,3.99,4.04,6.68,-,-,-,-
Hudson,Jersey City,"31, 33","8, 10",0.52,0.49,0.46,0.45,0.41,1.1,1.01,0.87,0.81,0.7,0.58,0.54,0.47,0.42,0.36,-0.01,-0.02,-0.01,-0.01,-0.01,2.2,2.02,1.78,1.67,1.47,3.09,-,-,-,-
Hudson,Harrison,32,8,0.52,0.5,0.51,0.48,0.42,1.62,1.48,1.45,1.33,1.19,0.9,0.82,0.79,0.86,0.78,-0.03,-0.04,-0.04,-0.04,-0.03,3.02,2.76,2.7,2.64,2.36,6.04,-,-,-,-
Hudson,Secaucus,32,9,0.6,0.53,0.53,0.5,0.41,0.78,0.78,0.79,0.79,0.74,0.79,0.82,0.78,0.74,0.69,-0.01,-0.02,-0.01,-0.01,-0.01,2.16,2.11,2.08,2.01,1.83,4.01,-,-,-,-
Hunterdon,Bethlehem,23,7,0.37,0.37,0.38,0.37,0.38,0.36,0.37,0.38,0.35,0.35,1.93,2,2.02,1.96,1.96,-0.01,-0.05,-0.05,-0.05,-0.04,2.64,2.68,2.72,2.63,2.64,6.19,-,-,-,-
Hunterdon,Clinton,23,7,0.37,0.37,0.37,0.37,0.37,0.64,0.68,0.73,0.76,0.78,1.85,1.84,1.81,1.87,1.85,-0.01,-0.05,-0.04,-0.04,-0.04,2.84,2.85,2.86,2.96,2.96,6.13,-,-,-,-
Hunterdon,Delaware,16,7,0.37,0.36,0.39,0.38,0.38,0.37,0.37,0.4,0.41,0.44,1.47,1.45,1.46,1.5,1.54,-0.01,-0.05,-0.05,-0.04,-0.04,2.21,2.13,2.2,2.25,2.32,5.37,-,-,-,-
Hunterdon,Franklin Twp,23,7,0.39,0.38,0.37,0.36,0.38,0.32,0.33,0.33,0.33,0.34,1.7,1.73,1.68,1.68,1.72,-0.01,-0.05,-0.05,-0.04,-0.04,2.4,2.39,2.33,2.32,2.4,6.4,-,-,-,-
Hunterdon,Glen Gardner,23,7,0.38,0.37,0.37,0.36,0.37,0.52,0.56,0.57,0.56,0.55,1.75,1.73,1.8,1.76,1.83,0,-0.05,-0.04,-0.05,-0.04,2.64,2.61,2.69,2.64,2.71,5.81,-,-,-,-
Hunterdon,Holland,23,7,0.37,0.37,0.37,0.37,0.37,0.09,0.18,0.18,0.18,0.18,1.88,1.89,1.91,1.94,1.88,-0.03,-0.08,-0.08,-0.08,-0.07,2.32,2.36,2.38,2.41,2.36,6.34,-,-,-,-
Gloucester,Paulsboro,3,1,0.66,0.69,0.66,0.68,0.73,1.34,1.29,1.31,1.34,1.41,1.45,1.54,1.52,1.65,1.77,-0.05,-0.1,-0.09,-0.08,-0.09,3.39,3.41,3.4,3.59,3.81,7.73,-,-,-,-
Gloucester,Newfield,3,2,0.73,0.7,0.72,0.7,0.71,0.8,0.85,0.91,0.91,0.82,1.8,1.94,1.96,1.95,1.88,-0.08,-0.14,-0.13,-0.13,-0.12,3.26,3.34,3.47,3.43,3.29,7.44,-,-,-,-
Gloucester,National Park,3,1,0.68,0.74,0.69,0.71,0.73,0.91,0.92,0.9,0.89,0.9,2.45,2.59,2.54,2.62,2.72,-0.14,-0.23,-0.2,-0.19,-0.19,3.9,4.02,3.94,4.03,4.15,8.45,-,-,-,-
Gloucester,Monroe,4,1,0.62,0.63,0.67,0.67,0.66,0.87,0.87,0.88,0.87,0.86,1.92,1.9,1.95,1.99,1.98,-0.05,-0.11,-0.1,-0.1,-0.1,3.36,3.29,3.4,3.42,3.41,7.18,-,-,-,-
Gloucester,Logan,3,1,0.67,0.72,0.69,0.71,0.65,0.21,0.22,0.43,0.43,0.46,1.04,1.08,1.06,1.05,0.89,-0.01,-0.02,-0.02,-0.02,-0.02,1.92,1.99,2.17,2.17,1.99,4.24,-,-,-,-
Gloucester,West Deptford,3,1,0.63,0.65,0.66,0.66,0.69,0.84,0.86,0.91,0.93,0.95,1.3,1.37,1.43,1.45,1.48,-0.03,-0.08,-0.07,-0.07,-0.07,2.74,2.81,2.93,2.97,3.05,5.55,-,-,-,-
Gloucester,Westville,5,1,0.59,0.66,0.68,0.66,0.7,1.11,1.16,1.19,1.19,1.21,1.98,2.09,2.22,2.26,2.15,-0.07,-0.15,-0.15,-0.15,-0.15,3.6,3.76,3.93,3.95,3.91,7.64,-,-,-,-
Gloucester,Washington Twp,4,1,0.62,0.65,0.66,0.67,0.67,0.62,0.63,0.63,0.62,0.61,1.82,1.86,1.86,1.85,1.86,-0.03,-0.09,-0.08,-0.08,-0.07,3.04,3.06,3.07,3.06,3.07,6.17,-,-,-,-
Gloucester,Wenonah,5,1,0.63,0.67,0.68,0.68,0.66,0.74,0.76,0.77,0.78,0.74,2.23,2.4,2.52,2.65,2.61,-0.07,-0.12,-0.1,-0.11,-0.1,3.53,3.72,3.87,4,3.91,7.31,-,-,-,-
Gloucester,South Harrison,3,2,0.62,0.71,0.72,0.72,0.71,0.19,0.19,0.2,0.22,0.23,1.77,1.82,1.8,1.8,1.78,-0.01,-0.05,-0.05,-0.04,-0.04,2.57,2.68,2.68,2.7,2.68,6.01,-,-,-,-
Gloucester,Swedesboro,3,2,0.68,0.69,0.74,0.73,0.74,0.89,0.9,0.94,0.96,0.98,2.34,2.21,2.28,2.26,2.25,-0.05,-0.09,-0.07,-0.07,-0.07,3.86,3.72,3.88,3.87,3.9,7.97,-,-,-,-
Essex,Millburn,27,7,0.48,0.51,0.5,0.49,0.49,0.41,0.42,0.43,0.41,0.4,0.84,0.85,0.85,0.83,0.83,0,-0.01,-0.01,-0.01,-0.01,1.73,1.77,1.77,1.71,1.71,3.19,-,-,-,-
Essex,Irvington,28,10,0.57,0.54,0.52,0.53,0.48,3.18,3.35,3.44,3.62,3.58,0.89,0.93,0.94,1.01,0.99,-0.02,-0.05,-0.09,-0.05,-0.04,4.63,4.77,4.81,5.12,5.01,7.99,-,-,-,-
Cumberland,Upper Deerfield,3,2,1.03,1.14,1.16,1.15,1.15,0.06,0.09,0.1,0.1,0.15,1.54,1.67,1.72,1.76,1.74,-0.04,-0.11,-0.12,-0.11,-0.11,2.59,2.79,2.86,2.9,2.93,5.93,-,-,-,-
Cumberland,Millville,1,2,1.12,1.09,1.14,1.17,1.2,1.18,1.16,1.18,1.17,1.19,0.7,0.7,0.74,0.76,0.78,-0.04,-0.1,-0.09,-0.09,-0.08,2.97,2.86,2.98,3.01,3.09,5.75,-,-,-,-
Essex,Cedar Grove,40,11,0.52,0.5,0.53,0.52,0.5,0.41,0.4,0.42,0.43,0.44,1.15,1.14,1.17,1.23,1.25,-0.03,-0.06,-0.06,-0.06,-0.05,2.05,1.98,2.07,2.13,2.14,5.65,-,-,-,-
Essex,Belleville,29,8,0.53,0.52,0.54,0.51,0.49,1.62,1.67,1.8,1.79,1.79,1.31,1.35,1.43,1.45,1.46,-0.04,-0.1,-0.09,-0.09,-0.08,3.42,3.43,3.68,3.66,3.66,7.81,-,-,-,-
Essex,Roseland,27,11,0.5,0.53,0.52,0.54,0.48,0.53,0.55,0.55,0.57,0.57,0.93,0.98,0.96,1.01,1.02,-0.02,-0.04,-0.03,-0.03,-0.03,1.95,2.02,2,2.08,2.03,5.17,-,-,-,-
Essex,Verona,26,11,0.51,0.5,0.51,0.52,0.48,0.68,0.65,0.64,0.64,0.62,1.44,1.43,1.43,1.46,1.43,-0.02,-0.06,-0.05,-0.05,-0.05,2.6,2.52,2.52,2.57,2.49,6.34,-,-,-,-
Gloucester,Clayton,3,2,0.69,0.7,0.72,0.71,0.72,0.97,1,0.99,0.97,0.95,1.87,1.94,2.02,2.01,2,-0.04,-0.12,-0.11,-0.11,-0.1,3.49,3.51,3.63,3.58,3.57,7.05,-,-,-,-
Gloucester,Glassboro,3,1,0.7,0.69,0.72,0.78,0.74,1.11,1.07,1.08,1.09,1.05,1.75,1.74,1.77,1.85,1.78,-0.04,-0.1,-0.09,-0.09,-0.08,3.52,3.4,3.48,3.63,3.49,7.23,-,-,-,-
Essex,North Caldwell,26,11,0.51,0.51,0.51,0.51,0.51,0.36,0.35,0.35,0.35,0.35,1.21,1.19,1.18,1.19,1.25,-0.01,-0.02,-0.02,-0.02,-0.02,2.08,2.03,2.02,2.02,2.09,4.11,-,-,-,-
Bergen,Woodcliff Lake,39,5,0.22,0.41,0.25,0.25,0.25,0.47,0.83,0.5,0.5,0.52,1.27,2.25,1.37,1.33,1.38,-0.01,-0.03,-0.04,-0.02,-0.02,1.96,3.46,2.08,2.06,2.13,4.26,-,-,-,-
Sussex,Andover Twp,24,5,0.54,0.51,0.53,0.57,0.57,0.86,0.89,0.9,0.93,0.93,1.7,1.75,1.78,1.83,1.83,-0.02,-0.06,-0.06,-0.06,-0.06,3.08,3.09,3.16,3.28,3.27,6.82,-,-,-,-
Bergen,Wood-Ridge,36,9,0.23,0.14,0.25,0.24,0.23,0.94,0.56,1,0.94,0.88,1.33,0.78,1.38,1.34,1.23,-0.04,-0.05,-0.03,-0.07,-0.05,2.46,1.43,2.6,2.46,2.28,6.15,-,-,-,-
Somerset,Watchung,21,7,0.38,0.39,0.4,0.4,0.39,0.55,0.58,0.6,0.6,0.61,1.09,1.11,1.1,0.97,0.98,0,-0.02,-0.02,-0.02,-0.02,2.02,2.07,2.07,1.95,1.96,3.97,-,-,-,-
Bergen,Washington Twp,39,5,0.23,0.23,0.25,0.24,0.24,0.52,0.52,0.5,0.47,0.46,1.32,1.33,1.36,1.36,1.39,-0.03,-0.07,-0.06,-0.06,-0.06,2.04,2.01,2.05,2.01,2.04,6.6,-,-,-,-
Bergen,Waldwick,40,5,0.23,0.24,0.24,0.25,0.24,0.54,0.54,0.53,0.52,0.5,1.75,1.82,1.8,1.81,1.8,-0.04,-0.09,-0.08,-0.08,-0.07,2.48,2.51,2.49,2.5,2.47,7.93,-,-,-,-
Sussex,Green,24,5,0.52,0.53,0.54,0.58,0.57,0.55,0.57,0.55,0.56,0.55,1.86,1.99,2.05,2.14,2.17,-0.01,-0.06,-0.06,-0.06,-0.06,2.92,3.03,3.09,3.21,3.23,6.63,-,-,-,-
Sussex,Fredon,24,5,0.53,0.53,0.55,0.56,0.59,0.38,0.4,0.41,0.41,0.42,1.82,1.92,1.97,1.94,1.91,-0.02,-0.07,-0.06,-0.06,-0.06,2.72,2.78,2.87,2.86,2.86,6.39,-,-,-,-
Sussex,Frankford,24,5,0.54,0.52,0.57,0.58,0.57,0.28,0.29,0.3,0.31,0.33,1.51,1.47,1.47,1.45,1.4,-0.01,-0.06,-0.05,-0.05,-0.05,2.31,2.22,2.29,2.29,2.25,7.07,-,-,-,-
Burlington,Bordentown,7,3,0.37,0.43,0.4,0.38,0.42,0.92,0.98,0.97,0.91,0.99,1.68,1.84,1.82,1.71,1.86,-0.03,-0.08,-0.07,-0.07,-0.07,2.94,3.17,3.12,2.94,3.21,6.27,-,-,-,-
Burlington,Bass River,9,2,0.38,0.41,0.46,0.43,0.38,0.12,0.14,0.15,0.16,0.16,1.35,1.43,1.52,1.61,1.54,-0.02,-0.05,-0.05,-0.05,-0.04,1.82,1.93,2.08,2.15,2.04,6.22,-,-,-,-
Sussex,Branchville,24,5,0.58,0.51,0.45,0.64,0.55,-,0,0.15,0.14,0.13,1.63,1.49,1.31,1.48,1.37,-0.04,-0.05,-0.04,-0.05,-0.04,2.18,1.95,1.88,2.21,2,6.84,-,-,-,-
Sussex,Lafayette,24,5,0.54,0.53,0.57,0.56,0.59,0.25,0.26,0.28,0.28,0.28,1.77,1.84,1.84,1.73,1.75,-0.02,-0.07,-0.06,-0.06,-0.05,2.54,2.57,2.63,2.52,2.57,7.63,-,-,-,-
Sussex,Montague,24,5,0.55,0.5,0.53,0.58,0.57,0.38,0.4,0.39,0.4,0.39,1.82,1.64,1.6,1.59,1.65,-0.02,-0.08,-0.06,-0.06,-0.06,2.72,2.46,2.46,2.5,2.56,7.4,-,-,-,-
Sussex,Hamburg,24,5,0.5,0.52,0.55,0.58,0.58,0.76,0.77,0.8,0.85,0.87,2.04,2.07,2.13,2.22,2.26,-0.05,-0.11,-0.1,-0.1,-0.1,3.25,3.25,3.39,3.54,3.61,7.48,-,-,-,-
Sussex,Hardyston,24,5,0.51,0.53,0.54,0.58,0.58,0.62,0.64,0.64,0.65,0.66,1.28,1.33,1.33,1.41,1.46,-0.01,-0.06,-0.05,-0.05,-0.05,2.4,2.45,2.47,2.59,2.64,5.22,-,-,-,-
Bergen,Tenafly,37,9,0.23,0.23,0.24,0.25,0.24,0.5,0.49,0.48,0.5,0.49,1.41,1.39,1.39,1.42,1.44,-0.01,-0.02,-0.02,-0.02,-0.02,2.13,2.08,2.1,2.16,2.16,4.93,-,-,-,-
Bergen,Upper Saddle River,39,5,0.24,0.24,0.24,0.25,0.25,0.27,0.27,0.27,0.28,0.3,1.23,1.26,1.27,1.32,1.35,0,-0.02,-0.02,-0.01,-0.01,1.73,1.75,1.76,1.83,1.89,4.38,-,-,-,-
Bergen,Saddle Brook,38,9,0.23,0.22,0.25,0.24,0.23,0.7,0.66,0.73,0.72,0.74,1.32,1.26,1.35,1.33,1.37,-0.04,-0.06,-0.06,-0.07,-0.06,2.22,2.07,2.26,2.23,2.28,6.65,-,-,-,-
Bergen,South Hackensack,36,9,0.21,0.24,0.21,0.24,0.25,1.08,1.13,1.01,1.05,1.13,1.17,1.25,1.11,1.14,1.22,-0.02,-0.03,-0.03,-0.03,-0.03,2.44,2.59,2.3,2.4,2.57,6.75,-,-,-,-
Bergen,Ramsey,39,5,0.24,0.23,0.24,0.24,0.25,0.47,0.47,0.46,0.45,0.48,1.54,1.53,1.52,1.51,1.59,-0.01,-0.03,-0.03,-0.03,-0.03,2.24,2.2,2.2,2.18,2.29,5.74,-,-,-,-
Bergen,Paramus,38,5,0.23,0.24,0.22,0.23,0.26,0.46,0.45,0.41,0.38,0.4,0.86,0.87,0.79,0.74,0.79,-0.01,-0.03,-0.02,-0.02,-0.02,1.54,1.53,1.4,1.34,1.43,5.49,-,-,-,-
Bergen,Ridgewood,40,5,0.23,0.23,0.24,0.25,0.24,0.5,0.5,0.5,0.5,0.49,1.44,1.43,1.45,1.45,1.44,-0.01,-0.02,-0.02,-0.02,-0.02,2.17,2.14,2.17,2.17,2.15,4.8,-,-,-,-
Somerset,Branchburg,16,7,0.38,0.38,0.39,0.39,0.38,0.36,0.36,0.37,0.38,0.37,1.33,1.33,1.35,1.34,1.31,-0.01,-0.03,-0.04,-0.03,-0.03,2.06,2.04,2.08,2.08,2.03,4.87,-,-,-,-
Bergen,Ridgefield,36,9,0.24,0.25,0.23,0.24,0.25,0.53,0.55,0.52,0.53,0.54,1.06,1.13,1.1,1.07,1.13,-0.02,-0.04,-0.04,-0.04,-0.03,1.81,1.88,1.82,1.8,1.88,6.49,-,-,-,-
Bergen,Rochelle Park,38,5,0.24,0.24,0.24,0.24,0.23,0.89,0.96,0.96,0.95,0.9,1.1,1.19,1.2,1.21,1.16,-0.03,-0.07,-0.07,-0.07,-0.06,2.2,2.31,2.33,2.32,2.23,6.78,-,-,-,-
Somerset,Franklin Twp,17,12,0.34,0.35,0.35,0.33,0.33,0.42,0.43,0.43,0.39,0.38,1.42,1.46,1.47,1.38,1.35,-0.01,-0.04,-0.03,-0.04,-0.03,2.17,2.2,2.22,2.06,2.03,5.32,-,-,-,-
Bergen,River Vale,39,5,0.23,2.33,0.24,0.25,0.25,0.5,5.12,0.52,0.53,0.54,1.64,16.44,1.65,1.68,1.72,-0.02,-0.52,-0.05,-0.05,-0.05,2.35,23.37,2.37,2.42,2.46,6.74,-,-,-,-
Somerset,Bridgewater,23,7,0.37,0.39,0.38,0.4,0.39,0.23,0.24,0.23,0.24,0.23,1.26,1.3,1.26,1.32,1.36,-0.01,-0.03,-0.04,-0.03,-0.03,1.86,1.89,1.83,1.92,1.95,4.67,-,-,-,-
Somerset,Millstone,16,7,0.4,0.39,0.41,0.37,0.37,0.59,0.6,0.61,0.57,0.56,1.56,1.64,1.72,1.62,1.64,-0.05,-0.09,-0.08,-0.04,-0.07,2.51,2.54,2.66,2.53,2.49,6.32,-,-,-,-
Bergen,Rutherford,36,9,0.23,0.22,0.24,0.24,0.25,0.88,0.83,0.8,0.77,0.77,1.45,1.4,1.39,1.38,1.42,-0.03,-0.06,-0.06,-0.05,-0.05,2.53,2.4,2.37,2.33,2.39,6.85,-,-,-,-
Somerset,Hillsborough,16,7,0.38,0.38,0.37,0.37,0.38,0.33,0.33,0.33,0.32,0.32,1.44,1.46,1.46,1.43,1.46,-0.01,-0.03,-0.03,-0.03,-0.03,2.15,2.14,2.13,2.1,2.13,5.11,-,-,-,-
Somerset,Montgomery,16,7,0.4,0.39,0.4,0.4,0.39,0.31,0.33,0.34,0.35,0.36,1.67,1.67,1.69,1.7,1.71,-0.01,-0.02,-0.02,-0.02,-0.02,2.37,2.36,2.41,2.43,2.44,4.74,-,-,-,-
Somerset,Peapack Gladstone,23,7,0.38,0.38,0.39,0.4,0.4,0.54,0.54,0.57,0.59,0.59,0.89,0.88,0.9,0.91,0.9,0,-0.02,-0.02,-0.01,-0.01,1.81,1.79,1.85,1.88,1.87,3.99,-,-,-,-
Somerset,Rocky Hill,16,7,0.41,0.38,0.41,0.4,0.38,0.37,0.36,0.4,0.4,0.39,1.31,1.22,1.33,1.37,1.34,-0.02,-0.04,-0.03,-0.04,-0.03,2.07,1.91,2.11,2.14,2.09,5.79,-,-,-,-
Somerset,Somerville,16,7,0.39,0.4,0.4,0.39,0.4,0.95,0.99,0.97,0.98,0.99,1.84,1.86,1.85,1.86,1.88,-0.03,-0.06,-0.05,-0.05,-0.05,3.15,3.19,3.16,3.18,3.22,6.58,-,-,-,-
Somerset,Warren,21,7,0.37,0.38,0.4,0.4,0.39,0.3,0.31,0.31,0.31,0.31,1.24,1.25,1.27,1.28,1.28,-0.01,-0.02,-0.02,-0.02,-0.02,1.91,1.93,1.95,1.98,1.97,4.15,-,-,-,-
Bergen,Oakland,39,5,0.23,0.24,0.24,0.24,0.25,0.58,0.58,0.58,0.57,0.57,1.59,1.6,1.6,1.6,1.64,-0.02,-0.06,-0.05,-0.05,-0.05,2.37,2.36,2.38,2.37,2.4,6.6,-,-,-,-
Bergen,Old Tappan,39,5,0.23,0.24,0.24,0.25,0.25,0.29,0.31,0.31,0.32,0.33,1.34,1.38,1.37,1.4,1.43,-0.01,-0.03,-0.03,-0.03,-0.03,1.85,1.9,1.89,1.95,1.98,5.1,-,-,-,-
Bergen,Palisades Park,37,9,0.23,0.23,0.22,0.24,0.24,0.56,0.56,0.54,0.52,0.52,0.84,0.85,0.8,0.78,0.78,-0.01,-0.03,-0.02,-0.02,-0.02,1.63,1.62,1.54,1.52,1.53,7.48,-,-,-,-
Monmouth,Wall,30,4,0.3,0.3,0.29,0.28,0.28,0.47,0.47,0.45,0.44,0.43,1.1,1.1,1.08,1.07,1.06,-0.01,-0.04,-0.02,-0.03,-0.03,1.85,1.83,1.8,1.76,1.75,5.41,-,-,-,-
Monmouth,Tinton Falls,11,4,0.31,0.3,0.3,0.29,1.6,0.46,0.47,0.49,0.5,2.72,1.11,1.11,1.15,1.11,6,-0.01,-0.04,-0.01,-0.01,-0.05,1.87,1.84,1.93,1.89,10.27,5.3,-,-,-,-
Monmouth,Spring Lake,30,4,0.28,0.29,0.26,0.26,0.9,0.18,0.18,0.17,0.16,0.51,0.18,0.18,0.17,0.16,0.51,0,-0.01,-0.01,-0.01,-0.03,0.64,0.64,0.58,0.56,1.88,3.95,-,-,-,-
Monmouth,Rumson,13,4,0.31,0.31,0.29,0.28,1.32,0.32,0.33,0.33,0.32,1.48,0.81,0.82,0.82,0.81,3.77,0,-0.01,-0.01,0,-0.01,1.43,1.45,1.43,1.4,6.56,3.34,-,-,-,-
Monmouth,Oceanport,13,6,0.31,0.31,0.29,0.28,0.3,0.49,0.49,0.49,0.49,0.5,1.04,1.05,1.09,1.04,1.05,-0.01,-0.04,-0.04,-0.03,-0.03,1.83,1.81,1.83,1.78,1.81,5.58,-,-,-,-
Monmouth,Neptune Twp,11,4,0.29,1.96,0.28,0.26,0.75,0.74,5.12,0.74,0.7,1.94,1.02,6.9,0.98,0.93,2.5,-0.02,-0.39,-0.05,-0.01,-0.01,2.03,13.59,1.94,1.88,5.17,36.65,-,-,-,-
Monmouth,Millstone Twp,12,4,0.31,0.31,0.29,0.29,0.05,0.2,0.2,0.2,0.2,0.03,1.71,1.7,1.68,1.66,0.28,-0.01,-0.03,-0.03,-0.23,-0.04,2.21,2.18,2.15,1.92,0.33,5.42,-,-,-,-
Monmouth,Howell,30,4,0.3,0.3,0.29,0.28,3.17,0.41,0.39,0.39,0.39,4.16,1.52,1.52,1.52,1.49,16.06,-0.01,-0.05,-0.04,0,-0.04,2.22,2.17,2.17,2.16,23.35,5.91,-,-,-,-
Monmouth,Matawan,12,6,0.27,0.26,0.28,0.27,0.14,0.83,0.76,0.79,0.76,0.39,1.69,1.54,1.6,1.67,0.83,-0.02,-0.05,-0.05,-0.05,-0.02,2.77,2.51,2.61,2.66,1.34,5.81,-,-,-,-
Monmouth,Loch Arbour,11,6,0.29,0.31,0.32,0.25,0.06,0.4,0.4,0.43,0.42,0.09,1.27,1.36,1.57,0.86,0.09,-0.05,-0.06,-0.03,-0.27,-0.06,1.92,2.02,2.29,1.26,0.19,11.05,-,-,-,-
Monmouth,Keyport,13,6,0.26,0.28,0.27,0.27,0.67,0.88,0.89,0.87,0.88,2.11,1.32,1.33,1.32,1.36,3.29,-0.02,-0.06,-0.06,-0.01,-0.02,2.44,2.44,2.42,2.51,6.05,6.58,-,-,-,-
Monmouth,Hazlet,13,6,0.3,0.31,0.29,0.28,0.34,0.6,0.6,0.58,0.54,0.63,1.51,1.56,1.55,1.5,1.75,-0.03,-0.08,-0.07,-0.02,-0.02,2.38,2.39,2.35,2.29,2.7,5.93,-,-,-,-
Monmouth,Freehold,11,4,0.3,0.27,0.26,0.27,1.83,0.97,0.95,0.94,0.97,6.58,1.37,1.39,1.41,1.43,9.28,-0.02,-0.06,-0.06,-0.01,-0.04,2.61,2.55,2.56,2.66,17.66,7.16,-,-,-,-
Monmouth,Fair Haven,13,4,0.3,0.29,0.29,0.28,1.95,0.39,0.38,0.39,0.38,2.52,1.2,1.18,1.21,1.19,7.96,-0.01,-0.03,-0.02,0,-0.03,1.88,1.83,1.87,1.85,12.4,4.31,-,-,-,-
Cumberland,Bridgeton,3,2,1.13,1.16,1.12,1.15,1.11,2.58,2.54,2.55,2.51,2.37,0.79,0.77,0.75,0.73,0.69,-0.08,-0.13,-0.1,-0.1,-0.09,4.41,4.35,4.31,4.29,4.07,5.78,-,-,-,-
Cape May,Woodbine,1,2,0.25,0.27,0.25,0.25,0.29,0.26,0.28,0.26,0.25,0.26,0.99,1.06,1.11,1.13,1.22,-0.03,-0.04,-0.04,-0.04,-0.04,1.48,1.56,1.59,1.59,1.73,3.96,-,-,-,-
Monmouth,Bradley Beach,30,4,0.29,0.28,0.27,0.27,0.19,0.57,0.57,0.55,0.54,0.35,0.52,0.51,0.5,0.49,0.34,-0.01,-0.03,-0.02,-0.03,-0.02,1.37,1.33,1.3,1.27,0.87,6.92,-,-,-,-
Cumberland,Fairfield,1,2,1.09,1.12,1.1,1.22,1.18,0.41,0.44,0.46,0.49,0.49,0.94,0.95,0.98,1.12,1.17,-0.07,-0.14,-0.13,-0.13,-0.14,2.37,2.36,2.42,2.7,2.71,6.12,-,-,-,-
Monmouth,Avon By The Sea,30,4,0.3,0.3,0.28,0.28,0.31,0.35,0.36,0.36,0.36,0.4,0.37,0.37,0.38,0.38,0.43,-0.01,-0.02,-0.02,-0.03,-0.03,1.01,1,1,0.98,1.1,5.76,-,-,-,-
Cumberland,Deerfield,3,2,1.08,1.11,1.15,1.17,1.15,0.08,0.08,0.09,0.09,0.09,1.83,1.88,1.99,2.02,2.01,-0.02,-0.11,-0.11,-0.11,-0.1,2.96,2.95,3.12,3.16,3.14,6.3,-,-,-,-
Monmouth,Allentown,12,4,0.31,0.27,0.3,0.3,0.09,0.83,0.77,0.77,0.82,0.24,1.73,1.54,1.73,1.83,0.55,-0.03,-0.07,-0.07,-0.03,0,2.84,2.51,2.74,2.92,0.88,6.8,-,-,-,-
Monmouth,Aberdeen,13,6,0.29,0.28,0.28,0.26,0.08,0.5,0.5,0.52,0.5,0.15,1.68,1.66,1.69,1.6,0.47,-0.02,-0.07,-0.11,-0.1,-0.03,2.45,2.37,2.38,2.26,0.67,6.41,-,-,-,-
Cumberland,Lawrence,1,2,1.07,1.11,1.07,1.12,1.17,0.43,0.46,0.49,0.48,0.5,1.06,1.1,1.07,1.05,1.08,-0.04,-0.1,-0.09,-0.1,-0.1,2.53,2.57,2.53,2.55,2.65,6.1,-,-,-,-
Middlesex,South River,18,12,0.41,0.38,0.39,0.39,0.39,0.61,0.6,0.63,0.67,0.67,1.24,1.23,1.22,1.21,1.23,-0.03,-0.08,-0.07,-0.07,-0.07,2.21,2.13,2.17,2.2,2.22,6.09,-,-,-,-
Cumberland,Greenwich,1,2,1.04,1.15,1.11,1.16,1.17,0.4,0.42,0.41,0.41,0.41,1.51,1.78,1.76,1.84,1.8,-0.04,-0.11,-0.12,-0.12,-0.12,2.9,3.24,3.15,3.29,3.26,8.47,-,-,-,-
Sussex,Vernon,24,5,0.54,0.53,0.55,0.55,0.57,0.62,0.64,0.68,0.67,0.69,1.7,1.74,1.69,1.61,1.59,-0.02,-0.07,-0.06,-0.06,-0.05,2.84,2.84,2.86,2.77,2.79,6.6,-,-,-,-
Middlesex,South Brunswick,16,12,0.39,0.36,0.4,0.4,0.35,0.37,0.35,0.37,0.37,0.33,1.31,1.22,1.27,1.29,1.14,-0.01,-0.02,-0.02,-0.02,-0.02,2.07,1.91,2.01,2.04,1.81,5.07,-,-,-,-
Sussex,Sussex,24,5,0.51,0.51,0.54,0.55,0.61,0.69,0.73,0.73,0.7,0.77,1.78,1.76,1.81,1.69,1.82,-0.05,-0.08,-0.07,-0.07,-0.07,2.93,2.92,3.01,2.86,3.13,6.67,-,-,-,-
Burlington,Maple Shade,6,1,0.4,0.42,0.43,0.38,0.42,0.76,0.79,0.84,0.81,0.84,1.7,1.76,1.96,1.9,1.98,-0.06,-0.09,-0.09,-0.09,-0.08,2.8,2.87,3.13,3,3.15,6.11,-,-,-,-
Union,Berkeley Heights,21,7,0.53,0.53,0.53,0.55,0.52,0.37,0.38,0.38,0.38,0.39,1.23,1.23,1.21,1.25,1.23,-0.02,-0.04,-0.03,-0.03,-0.03,2.12,2.1,2.09,2.15,2.11,5.29,-,-,-,-
Sussex,Walpack,24,5,0.6,0.56,0.57,0.61,0.59,-,0,0,-,-,-,1.64,1.64,0.81,-,-0.03,0,0,0,0,0.57,2.2,2.21,1.42,0.59,-,-,-,-,-
Burlington,Fieldsboro,7,3,0.4,0.41,0.4,0.39,0.43,0.65,0.62,0.58,0.54,0.55,1.78,1.79,1.71,1.64,1.82,-0.04,-0.09,-0.08,-0.07,-0.08,2.79,2.73,2.62,2.5,2.72,6.34,-,-,-,-
Sussex,Ogdensburg,24,11,0.54,0.53,0.57,0.56,0.56,1.11,1.13,1.17,1.14,1.12,1.77,1.88,1.95,1.96,1.89,-0.04,-0.12,-0.12,-0.11,-0.11,3.38,3.42,3.57,3.55,3.47,7.82,-,-,-,-
Burlington,Edgewater Park,7,3,0.43,0.45,0.4,0.42,0.39,0.74,0.83,0.86,0.93,0.96,1.42,1.66,1.73,1.91,1.93,-0.03,-0.11,-0.11,-0.11,-0.11,2.55,2.82,2.88,3.15,3.17,6.65,-,-,-,-
Sussex,Stanhope,24,11,0.52,0.52,0.56,0.58,0.57,0.99,1.01,1.04,1.07,1.05,1.85,1.97,2.09,2.15,2.12,-0.03,-0.1,-0.09,-0.09,-0.08,3.33,3.41,3.61,3.71,3.65,7.81,-,-,-,-
Burlington,Lumberton,8,3,0.38,0.42,0.39,0.4,0.39,0.42,0.45,0.44,0.43,0.42,1.43,1.49,1.47,1.52,1.54,-0.01,-0.04,-0.03,-0.03,-0.03,2.22,2.32,2.28,2.32,2.32,5.13,-,-,-,-
Sussex,Sandyston,24,5,0.53,0.5,0.56,0.56,0.59,0.22,0.24,0.26,0.24,0.25,1.47,1.53,1.55,1.51,1.55,-0.02,-0.07,-0.06,-0.06,-0.05,2.19,2.2,2.31,2.25,2.34,6.9,-,-,-,-
Burlington,Florence,7,3,0.4,0.4,0.39,0.41,0.4,0.49,0.48,0.45,0.45,0.45,1.54,1.53,1.49,1.5,1.51,-0.02,-0.07,-0.06,-0.06,-0.06,2.41,2.34,2.27,2.3,2.3,5.48,-,-,-,-
Burlington,Burlington Twp,7,3,0.37,0.38,0.42,0.42,0.39,0.48,0.45,0.47,0.52,0.49,1.81,1.7,1.8,1.89,1.83,-0.02,-0.05,-0.05,-0.05,-0.05,2.63,2.48,2.64,2.78,2.67,6.06,-,-,-,-
Burlington,Cinnaminson,7,3,0.38,0.41,0.41,0.41,0.41,0.55,0.56,0.57,0.57,0.58,1.8,1.84,1.9,1.96,2.02,-0.04,-0.1,-0.09,-0.09,-0.09,2.68,2.71,2.79,2.85,2.92,6.02,-,-,-,-
Burlington,Delanco,7,3,0.37,0.42,0.41,0.41,0.41,0.88,0.91,0.95,0.99,1.01,1.43,1.44,1.47,1.51,1.57,-0.03,-0.09,-0.09,-0.09,-0.09,2.65,2.67,2.74,2.82,2.89,6.57,-,-,-,-
Burlington,Eastampton,8,3,0.39,0.42,0.41,0.41,0.39,0.83,0.85,0.86,0.86,0.84,1.47,1.56,1.58,1.61,1.61,-0.01,-0.07,-0.06,-0.05,-0.05,2.68,2.77,2.79,2.82,2.79,6.34,-,-,-,-
Union,Cranford,21,7,0.52,0.52,0.52,0.5,0.52,0.56,0.55,0.53,0.5,0.5,1.32,1.29,1.25,1.22,1.23,-0.03,-0.06,-0.05,-0.05,-0.05,2.36,2.28,2.25,2.17,2.2,6.34,-,-,-,-
Union,Elizabeth,20,8,0.5,0.54,0.52,0.5,0.49,2.05,2.03,2.17,2.03,1.9,0.77,0.89,0.86,0.8,0.73,-0.03,-0.05,-0.05,-0.05,-0.04,3.29,3.41,3.5,3.28,3.08,7.32,-,-,-,-
Union,Garwood,21,7,0.53,0.55,0.52,0.5,0.53,0.88,0.92,0.89,0.83,0.82,1.17,1.25,1.2,1.11,1.11,-0.05,-0.09,-0.07,-0.06,-0.06,2.54,2.64,2.53,2.38,2.4,6.91,-,-,-,-
Burlington,Bordentown Twp,7,3,0.37,0.4,0.39,0.4,0.41,0.51,0.51,0.5,0.49,0.49,1.67,1.78,1.77,1.8,1.82,-0.02,-0.07,-0.06,-0.06,-0.06,2.53,2.63,2.59,2.63,2.65,5.93,-,-,-,-
Cumberland,Maurice River,1,2,1.07,1.15,1.12,1.23,1.16,0.42,0.43,0.44,0.47,0.47,0.92,0.95,0.98,1.06,1.09,-0.07,-0.13,-0.12,-0.12,-0.11,2.35,2.41,2.42,2.64,2.61,7.17,-,-,-,-
Cumberland,Shiloh,1,2,1.17,1.21,1.03,1.13,1.16,0.34,0.37,0.34,0.33,0.33,1.45,1.57,1.43,1.34,1.29,-0.11,-0.19,-0.15,-0.13,-0.12,2.86,2.96,2.65,2.67,2.65,5.59,-,-,-,-
Cumberland,Stow Creek,1,2,1.14,1.15,1.09,1.05,1.19,0.18,0.18,0.18,0.16,0.19,1.56,1.66,1.6,1.41,1.55,-0.05,-0.13,-0.11,-0.1,-0.1,2.83,2.86,2.76,2.52,2.83,6.58,-,-,-,-
Cumberland,Vineland,1,2,0.98,1,1.08,1.08,1.13,0.76,0.77,0.78,0.82,0.89,0.54,0.53,0.55,0.56,0.58,-0.01,-0.06,-0.06,-0.06,-0.06,2.27,2.23,2.35,2.4,2.53,4.51,-,-,-,-
Middlesex,New Brunswick,17,6,0.4,0.41,0.39,0.39,0.3,0.88,0.96,0.96,0.96,0.75,0.89,0.9,0.91,0.88,0.68,-0.01,-0.02,-0.02,-0.06,-0.04,2.16,2.24,2.24,2.17,1.68,6.21,-,-,-,-
Middlesex,Plainsboro,14,12,0.39,0.38,0.36,0.38,0.38,0.34,0.34,0.34,0.34,0.33,1.59,1.57,1.47,1.47,1.43,0,-0.01,-0.01,-0.01,-0.01,2.32,2.28,2.17,2.18,2.14,4.6,-,-,-,-
Morris,Parsippany-Troy Hills,26,11,0.25,0.25,0.25,0.26,0.26,0.5,0.5,0.51,0.52,0.53,1.46,1.49,1.51,1.55,1.58,-0.01,-0.04,-0.04,-0.04,-0.04,2.2,2.2,2.23,2.29,2.33,5.43,-,-,-,-
Morris,Randolph,25,11,0.25,0.25,0.25,0.26,0.25,0.45,0.46,0.47,0.46,0.45,1.66,1.7,1.71,1.72,1.7,-0.01,-0.03,-0.02,-0.02,-0.02,2.35,2.39,2.41,2.41,2.38,4.95,-,-,-,-
Cape May,Dennis,1,2,0.24,0.25,0.25,0.26,0.26,0.2,0.21,0.21,0.22,0.22,1.06,1.05,1.06,1.08,1.09,-0.02,-0.05,-0.04,-0.04,-0.04,1.49,1.47,1.48,1.52,1.53,5.34,-,-,-,-
Cape May,Middle Township,1,2,0.25,0.26,0.26,0.26,0.26,0.46,0.47,0.47,0.49,0.49,0.96,1,1.02,1.03,1.02,-0.01,-0.04,-0.04,-0.04,-0.04,1.66,1.69,1.71,1.74,1.74,5.81,-,-,-,-
Cape May,Avalon,1,2,0.22,0.22,0.22,0.22,0.22,0.21,0.21,0.21,0.2,0.2,0.04,0.04,0.04,0.04,0.03,0,0,0,0,0,0.47,0.47,0.47,0.46,0.45,6.24,-,-,-,-
Cape May,Cape May Point,1,2,0.26,0.26,0.25,0.26,0.25,0.29,0.3,0.29,0.29,0.27,0.01,0.01,0.02,0.02,0.02,0,0,0,0,0,0.55,0.57,0.56,0.57,0.54,6.21,-,-,-,-
Camden,Woodlynne,5,1,1,0.8,0.8,0.89,0.89,3.31,3.18,2.99,3.09,3.11,3.61,3.45,3.33,3.42,3.47,-0.12,-0.26,-0.21,-0.21,-0.2,7.8,7.18,6.92,7.19,7.27,10.26,-,-,-,-
Cape May,Wildwood,1,2,0.25,0.26,0.26,0.28,0.25,1.25,1.27,1.29,1.4,1.42,0.72,0.75,0.76,0.81,0.78,-0.01,-0.01,-0.01,-0.01,-0.01,2.21,2.27,2.3,2.47,2.45,10.37,-,-,-,-
Cape May,West Wildwood,1,2,0.25,0.27,0.24,0.28,0.25,0.64,0.75,0.74,0.92,0.93,0.54,0.57,0.53,0.55,0.47,-0.01,-0.03,-0.03,-0.03,-0.03,1.42,1.55,1.48,1.71,1.63,8.58,-,-,-,-
Cape May,Upper Township,1,2,0.24,0.25,0.26,0.27,0.26,0.14,0.14,0.16,0.17,0.18,1.19,1.2,1.24,1.25,1.25,-0.01,-0.04,-0.03,-0.03,-0.03,1.56,1.55,1.63,1.66,1.66,4.2,-,-,-,-
Cape May,Sea Isle City,1,2,0.25,0.25,0.25,0.25,0.26,0.36,0.36,0.37,0.36,0.35,0.04,0.04,0.04,0.04,0.04,0,0,0,0,0,0.65,0.64,0.65,0.65,0.64,5.27,-,-,-,-
Cape May,North Wildwood,1,2,0.26,0.25,0.25,0.26,0.26,0.67,0.69,0.7,0.7,0.7,0.25,0.26,0.27,0.27,0.27,0,-0.01,-0.01,-0.01,-0.01,1.17,1.18,1.21,1.21,1.22,7.04,-,-,-,-
Ocean,South Toms River,9,3,0.41,0.08,0.41,0.42,0.07,1.27,0.24,1.42,1.47,0.24,0.86,0.16,0.94,0.95,0.15,-0.05,-0.02,-0.06,-0.05,-0.01,2.48,0.46,2.71,2.79,0.45,6.9,-,-,-,-
Ocean,Seaside Park,9,3,0.4,7.66,0.4,0.41,0.74,0.42,7.85,0.45,0.48,0.88,0.41,8.42,0.38,0.44,0.73,-0.01,-0.32,-0.01,-0.01,-0.01,1.23,23.6,1.22,1.33,2.33,7.86,-,-,-,-
Morris,Rockaway Twp,26,11,0.25,0.25,0.25,0.25,0.26,0.75,0.77,0.76,0.72,0.7,1.76,1.8,1.76,1.68,1.76,-0.01,-0.06,-0.05,-0.05,-0.04,2.75,2.76,2.71,2.6,2.68,7.02,-,-,-,-
Morris,Rockaway,25,11,0.26,0.26,0.24,0.28,0.27,0.68,0.71,0.67,0.73,0.78,1.52,1.62,1.53,1.69,1.85,-0.02,-0.06,-0.06,-0.06,-0.06,2.44,2.53,2.38,2.63,2.86,6.75,-,-,-,-
Passaic,Clifton,34,9,0.73,0.77,0.74,0.74,0.72,0.79,0.8,0.79,0.8,0.79,1.33,1.37,1.36,1.38,1.35,-0.04,-0.08,-0.07,-0.07,-0.07,2.82,2.87,2.82,2.84,2.79,7.34,-,-,-,-
Ocean,Tuckerton,9,2,0.43,0.42,0.4,0.42,0.09,0.65,0.66,0.66,0.68,0.16,1.26,1.29,1.25,1.34,0.33,-0.03,-0.07,-0.05,-0.04,-0.01,2.3,2.29,2.26,2.4,0.57,7.15,-,-,-,-
Ocean,Toms River,10,3,0.38,3.51,0.4,0.41,0.57,0.52,4.58,0.54,0.54,0.75,0.9,7.81,0.91,0.94,1.32,-0.01,-0.4,-0.04,-0.04,-0.05,1.78,15.5,1.81,1.85,2.59,5.52,-,-,-,-
Ocean,Stafford,9,"2, 3",0.4,7.28,0.41,0.4,7.46,0.82,14.89,0.82,0.81,15.73,0.91,16.27,0.91,0.88,16.7,-0.02,-1.11,-0.05,0,-0.07,2.11,37.32,2.09,2.09,39.82,6.43,-,-,-,-
Morris,Kinnelon,26,11,0.25,0.25,0.25,0.26,0.26,0.41,0.41,0.46,0.47,0.47,1.63,1.66,1.69,1.73,1.74,-0.01,-0.03,-0.03,-0.03,-0.03,2.28,2.29,2.37,2.43,2.43,5.24,-,-,-,-
Camden,Laurel Springs,4,1,0.88,0.89,0.9,0.86,0.86,1.54,1.58,1.66,1.63,1.6,2.46,2.56,2.71,2.4,2.39,-0.16,-0.23,-0.22,-0.19,-0.17,4.72,4.8,5.05,4.7,4.68,8.5,-,-,-,-
Camden,Lindenwold,4,1,0.82,0.91,0.92,0.86,0.88,1.37,1.45,1.6,1.61,1.62,1.85,2.03,2.25,2.32,2.34,-0.05,-0.16,-0.16,-0.16,-0.15,4,4.23,4.62,4.63,4.7,6.37,-,-,-,-
Camden,Merchantville,6,1,0.9,0.84,0.87,0.9,0.88,1.08,1.09,1.13,1.18,1.21,1.83,1.85,1.91,2.03,2.15,-0.02,-0.09,-0.08,-0.08,-0.08,3.78,3.69,3.83,4.03,4.17,6.77,-,-,-,-
Camden,Mount Ephraim,5,1,0.91,0.86,0.87,0.89,0.89,1.3,1.24,1.25,1.27,1.27,2.2,2.12,2.16,2.23,2.28,-0.12,-0.21,-0.17,-0.17,-0.17,4.29,4.01,4.11,4.22,4.27,7.94,-,-,-,-
Camden,Waterford,8,2,0.81,0.81,0.83,0.83,0.83,0.86,0.9,0.96,0.99,1,1.73,1.8,1.83,1.8,1.8,-0.04,-0.13,-0.12,-0.12,-0.11,3.35,3.38,3.51,3.5,3.53,7.61,-,-,-,-
Camden,Voorhees,6,1,0.87,0.88,0.87,0.9,0.88,0.55,0.55,0.57,0.73,0.75,1.79,1.81,1.86,1.89,1.89,-0.01,-0.06,-0.05,-0.05,-0.05,3.19,3.19,3.25,3.47,3.47,5.32,-,-,-,-
Morris,Netcong,25,7,0.28,0.25,0.24,0.26,0.23,0.97,1,0.98,0.99,0.9,1.8,1.94,1.94,1.94,1.82,-0.04,-0.1,-0.09,-0.09,-0.08,3,3.1,3.07,3.1,2.87,7.25,-,-,-,-
Camden,Pine Valley,8,1,0.85,0.88,0.88,0.89,0.89,0.78,0.8,0.81,0.82,0.85,-,0,0,0,-,-0.01,0,0,0,0,1.62,1.67,1.69,1.71,1.74,-,-,-,-,-
Camden,Pennsauken,6,1,0.81,0.83,0.83,0.89,0.83,0.89,0.91,0.89,0.92,0.9,1.51,1.58,1.6,1.72,1.71,-0.05,-0.11,-0.1,-0.1,-0.09,3.16,3.2,3.22,3.43,3.36,6.84,-,-,-,-
Camden,Stratford,6,1,0.79,0.84,0.83,0.84,0.82,0.85,0.87,0.9,0.91,0.91,2.11,2.17,2.21,2.3,2.29,-0.08,-0.17,-0.16,-0.14,-0.14,3.67,3.71,3.78,3.92,3.88,6.96,-,-,-,-
Camden,Runnemede,5,1,0.83,0.85,0.83,0.82,0.84,0.97,0.98,0.98,0.98,0.99,1.86,1.94,1.94,1.92,1.97,-0.06,-0.16,-0.14,-0.13,-0.13,3.59,3.62,3.61,3.59,3.67,7.27,-,-,-,-
Morris,Madison,27,11,0.24,0.25,0.25,0.26,0.24,0.34,0.34,0.33,0.34,0.33,0.98,1.03,1.01,1.04,0.99,-0.01,-0.02,-0.02,-0.02,-0.02,1.56,1.6,1.57,1.62,1.54,3.85,-,-,-,-
Morris,Lincoln Park,26,11,0.25,0.25,0.25,0.26,0.26,0.93,0.94,0.95,0.95,0.95,1.34,1.35,1.34,1.33,1.35,-0.03,-0.08,-0.07,-0.06,-0.06,2.5,2.47,2.47,2.47,2.49,7.07,-,-,-,-
Morris,Mine Hill,25,7,0.27,0.25,0.25,0.25,0.25,0.8,0.8,0.79,0.75,0.73,1.56,1.58,1.58,1.55,1.55,-0.03,-0.09,-0.08,-0.07,-0.07,2.59,2.54,2.54,2.47,2.47,7.42,-,-,-,-
Morris,Mendham,25,11,0.25,0.26,0.25,0.26,0.26,0.41,0.42,0.43,0.44,0.45,1.19,1.26,1.29,1.34,1.36,-0.01,-0.02,-0.02,-0.02,-0.02,1.84,1.92,1.95,2.01,2.05,4.27,-,-,-,-
Morris,Morris Twp,25,11,0.25,0.26,0.24,0.26,0.25,0.43,0.46,0.43,0.43,0.41,1.1,1.15,1.07,1.07,1.05,0,-0.03,-0.02,-0.02,-0.02,1.78,1.84,1.72,1.73,1.69,3.78,-,-,-,-
Morris,Montville,26,11,0.25,0.25,0.25,0.26,0.26,0.4,0.4,0.4,0.4,0.41,1.34,1.38,1.35,1.37,1.43,-0.01,-0.03,-0.03,-0.03,-0.03,1.99,2,1.96,2,2.08,4.75,-,-,-,-
Morris,Mount Olive,24,7,0.27,0.24,0.26,0.26,0.25,0.64,0.61,0.62,0.6,0.59,2.21,2.13,2.16,2.11,2.12,-0.02,-0.04,-0.04,-0.04,-0.03,3.1,2.94,2.99,2.93,2.93,6.15,-,-,-,-
Morris,Morristown,25,11,0.26,0.24,0.25,0.24,0.27,0.87,0.81,0.78,0.72,0.76,1.06,1.02,1.05,1.01,1.08,-0.01,-0.02,-0.02,-0.02,-0.02,2.18,2.05,2.05,1.95,2.09,4.36,-,-,-,-
Salem,Oldmans,3,2,1.01,1.1,1.07,1.18,1.55,0.19,0.19,0.19,0.19,0.24,1.13,1.23,1.22,1.23,1.6,-0.03,-0.06,-0.06,-0.05,-0.06,2.3,2.46,2.41,2.55,3.33,5.81,-,-,-,-
Salem,Pennsville,3,2,1.05,1.08,1.09,1.14,8.99,0.63,0.69,0.74,0.75,5.69,1.76,1.88,2.05,2.16,15.97,-0.05,-0.11,-0.11,-0.02,-0.12,3.4,3.54,3.77,4.04,30.52,7.1,-,-,-,-
Salem,Elsinboro,3,2,0.96,1,1.09,1.14,1.16,0.37,0.38,0.4,0.41,0.42,1.3,1.35,1.42,1.43,1.43,-0.04,-0.1,-0.1,-0.09,-0.1,2.59,2.63,2.81,2.89,2.91,6.5,-,-,-,-
Salem,Lower Alloways Creek,3,2,0.96,1.01,1.13,1.15,3.37,-,-,-,0,-,-,-,-,0,-,-0.01,-0.02,-0.02,-0.04,-0.11,0.95,1,1.11,1.11,3.27,2.62,-,-,-,-
Camden,Berlin Twp,6,1,0.83,0.92,0.86,0.87,0.92,1.14,1.21,1.18,1.18,1.22,1.49,1.57,1.49,1.44,1.5,-0.07,-0.12,-0.1,-0.1,-0.09,3.39,3.57,3.44,3.4,3.55,7.4,-,-,-,-
Camden,Camden,5,1,0.9,0.88,0.91,0.9,0.97,1.56,1.52,1.54,1.51,1.58,0.46,0.44,0.43,0.41,0.42,-0.01,-0.04,-0.04,-0.03,-0.03,2.92,2.79,2.84,2.79,2.94,4.24,-,-,-,-
Camden,Bellmawr,5,1,0.86,0.86,0.84,0.91,0.86,1.19,1.2,1.19,1.22,1.19,1.72,1.76,1.74,1.81,1.77,-0.11,-0.21,-0.19,-0.19,-0.18,3.65,3.62,3.59,3.74,3.65,8.04,-,-,-,-
Camden,Gloucester City,5,1,0.89,0.74,0.91,0.88,0.83,1.98,1.75,1.99,2.13,2.13,0.8,0.75,0.97,1.14,1.15,-0.07,-0.12,-0.12,-0.15,-0.13,3.6,3.12,3.74,4,3.98,6.23,-,-,-,-
Camden,Collingswood,6,1,0.81,0.8,0.82,0.84,0.83,0.99,0.99,0.98,1,1,1.48,1.47,1.5,1.56,1.57,-0.05,-0.1,-0.09,-0.09,-0.08,3.23,3.16,3.21,3.32,3.31,6.49,-,-,-,-
Camden,Clementon,4,1,0.95,0.81,0.9,0.84,0.89,1.49,1.39,1.43,1.53,1.58,1.83,1.75,1.8,1.85,1.77,-0.08,-0.16,-0.15,-0.15,-0.14,4.18,3.79,3.98,4.08,4.1,8.82,-,-,-,-
Camden,Cherry Hill,6,1,0.83,0.83,0.82,0.84,0.82,0.53,0.53,0.52,0.51,0.49,1.97,2,2.01,2.04,2.02,-0.03,-0.08,-0.07,-0.07,-0.06,3.3,3.27,3.28,3.32,3.28,5.6,-,-,-,-
Camden,Hi-Nella,6,1,0.86,0.97,0.81,0.84,0.89,1.25,1.41,1.33,1.4,1.44,2.03,2.59,2.37,2.61,2.67,-0.08,-0.16,-0.12,-0.13,-0.13,4.06,4.8,4.39,4.72,4.87,7.01,-,-,-,-
Camden,Haddon Twp,6,1,0.87,0.87,0.87,0.88,0.88,0.61,0.61,0.6,0.6,0.59,1.73,1.76,1.83,1.85,1.84,-0.05,-0.12,-0.11,-0.11,-0.1,3.15,3.11,3.18,3.21,3.21,7.12,-,-,-,-
Camden,Haddon Heights,5,1,0.8,0.81,0.84,0.83,0.85,0.67,0.65,0.67,0.68,0.7,1.5,1.55,1.58,1.59,1.66,-0.04,-0.1,-0.09,-0.09,-0.08,2.94,2.92,3,3.02,3.12,6.47,-,-,-,-
Somerset,Bernardsville,25,7,0.34,0.35,0.35,0.35,0.35,0.38,0.4,0.42,0.43,0.45,0.99,1.05,1.06,1.08,1.14,0,-0.02,-0.03,-0.01,-0.01,1.71,1.79,1.8,1.84,1.93,3.55,-,-,-,-
Somerset,Bernards Twp,21,7,0.33,0.34,0.34,0.34,0.34,0.27,0.27,0.27,0.28,0.28,1.2,1.19,1.21,1.22,1.25,0,-0.02,0,-0.02,-0.02,1.8,1.78,1.82,1.83,1.85,3.98,-,-,-,-
Salem,Woodstown,3,2,0.96,1,1.11,1.15,1.14,0.64,0.66,0.7,0.73,0.73,1.47,1.55,1.72,1.75,1.72,-0.04,-0.1,-0.13,-0.11,-0.11,3.02,3.11,3.4,3.52,3.48,6.62,-,-,-,-
Salem,Salem,3,2,1.16,1.21,1.07,1.16,0.94,2.3,2.88,2.89,3.3,2.58,1.36,1.67,1.65,1.87,1.45,-0.08,-0.15,-0.19,-0.18,-0.14,4.75,5.6,5.42,6.15,4.83,8.01,-,-,-,-
Salem,Quinton,3,2,0.98,0.99,1.15,1.24,0.32,0.24,0.27,0.29,0.33,0.09,1.31,1.29,1.4,1.53,0.41,-0.05,-0.12,-0.12,-0.36,-0.11,2.47,2.42,2.71,2.74,0.72,7.03,-,-,-,-
Salem,Pilesgrove,3,2,0.96,1,1.08,1.13,0.53,0.3,0.3,0.3,0.3,0.14,1.48,1.55,1.69,1.7,0.79,-0.03,-0.08,-0.08,-0.25,-0.13,2.72,2.76,3,2.88,1.33,6.06,-,-,-,-
Passaic,Hawthorne,38,9,0.69,0.76,0.73,0.73,0.68,0.59,0.6,0.6,0.6,0.56,1.54,1.58,1.58,1.59,1.49,-0.04,-0.09,-0.08,-0.08,-0.07,2.78,2.85,2.83,2.84,2.66,7.79,-,-,-,-
Passaic,Little Falls,40,11,0.7,0.77,0.76,0.75,0.73,0.69,0.71,0.74,0.77,0.78,1.28,1.28,1.33,1.37,1.35,-0.04,-0.09,-0.08,-0.08,-0.08,2.63,2.67,2.75,2.81,2.79,7.33,-,-,-,-
Passaic,Passaic,36,9,0.76,0.67,0.7,0.71,0.69,1.92,1.72,1.82,1.78,1.68,0.56,0.49,0.5,0.48,0.44,-0.02,-0.04,-0.04,-0.03,-0.03,3.22,2.83,2.98,2.94,2.78,6.72,-,-,-,-
Somerset,Bedminster,23,7,0.34,0.34,0.34,0.34,0.34,0.27,0.28,0.28,0.28,0.28,0.65,0.65,0.66,0.68,0.66,0,-0.02,-0.01,-0.01,-0.01,1.26,1.25,1.28,1.28,1.27,3.81,-,-,-,-
Somerset,South Bound Brook,23,12,0.39,0.37,0.39,0.39,0.38,0.97,0.94,0.93,0.92,0.9,2.01,1.95,1.94,1.91,1.83,-0.04,-0.12,-0.11,-0.11,-0.1,3.33,3.14,3.14,3.11,3.01,6.61,-,-,-,-
Warren,Washington Twp,23,5,0.79,0.79,0.79,0.77,0.72,0.56,0.58,0.61,0.65,0.68,1.84,1.9,2.02,2.01,1.99,-0.02,-0.08,-0.07,-0.07,-0.06,3.17,3.18,3.35,3.36,3.32,7.3,-,-,-,-
Sussex,Stillwater,24,5,0.51,0.53,0.53,0.57,0.58,0.47,0.46,0.45,0.45,0.46,1.67,1.73,1.66,1.7,1.74,-0.02,-0.08,-0.06,-0.06,-0.06,2.62,2.64,2.57,2.67,2.72,6.84,-,-,-,-
Burlington,Washington Twp,9,2,0.38,0.44,0.42,0.4,0.41,-,-,-,0,-,1.13,1.29,1.44,1.35,1.14,-0.04,-0.05,-0.05,-0.05,-0.04,1.48,1.68,1.82,1.71,1.52,3.52,-,-,-,-
Burlington,Tabernacle,9,3,0.37,0.42,0.4,0.4,0.4,0.29,0.36,0.37,0.39,0.38,1.75,1.83,1.8,1.84,1.84,-0.01,-0.07,-0.06,-0.07,-0.06,2.4,2.54,2.51,2.57,2.56,6.01,-,-,-,-
Burlington,Wrightstown,12,3,0.43,0.43,0.38,0.34,0.38,0.86,0.92,0.94,0.89,0.85,1.65,1.45,1.28,1.12,1.22,-0.04,-0.04,-0.03,-0.03,-0.03,2.91,2.76,2.56,2.32,2.43,3.83,-,-,-,-
Burlington,Willingboro,7,3,0.35,0.39,0.37,0.36,0.36,1.68,1.75,1.79,1.72,1.73,1.59,1.71,1.81,1.77,1.8,-0.04,-0.16,-0.16,-0.15,-0.14,3.58,3.69,3.81,3.7,3.76,8.55,-,-,-,-
Camden,Barrington,5,1,0.85,0.88,0.87,0.87,0.88,1.04,1.08,1.1,1.11,1.11,1.85,1.93,1.98,1.99,1.98,-0.07,-0.15,-0.15,-0.14,-0.13,3.68,3.73,3.8,3.82,3.85,7.68,-,-,-,-
Camden,Audubon,5,1,0.85,0.79,0.83,0.83,0.83,0.89,0.85,0.84,0.83,0.83,1.69,1.66,1.71,1.74,1.74,-0.06,-0.13,-0.12,-0.12,-0.11,3.37,3.17,3.26,3.27,3.29,7.04,-,-,-,-
Passaic,Woodland Park,40,11,0.67,0.74,0.74,0.73,0.76,0.67,0.7,0.7,0.7,0.74,1.3,1.36,1.36,1.36,1.44,-0.04,-0.09,-0.08,-0.08,-0.08,2.59,2.7,2.71,2.71,2.85,7.87,-,-,-,-
Passaic,West Milford,26,5,0.72,0.72,0.76,0.74,0.73,0.81,0.79,0.81,0.82,0.75,1.84,1.77,1.8,1.81,1.83,-0.02,-0.08,-0.08,-0.08,-0.07,3.35,3.2,3.29,3.29,3.24,8.34,-,-,-,-
Salem,Carneys Point,3,2,0.95,1.12,1.14,1.03,5.01,0.44,0.51,0.6,0.58,2.54,1.3,1.51,1.73,1.59,6.93,-0.04,-0.09,-0.1,-0.03,-0.08,2.65,3.05,3.37,3.17,14.39,6.44,-,-,-,-
Passaic,Prospect Park,35,9,0.72,0.74,0.73,0.7,0.69,1.55,1.53,1.52,1.45,1.43,2.22,2.28,2.41,2.29,2.09,-0.04,-0.11,-0.09,-0.08,-0.07,4.45,4.44,4.57,4.36,4.14,9.15,-,-,-,-
Passaic,Paterson,35,9,0.67,0.66,0.74,0.66,0.64,2.32,2.39,2.54,2.28,2.14,0.6,0.63,0.65,0.64,0.56,-0.03,-0.06,-0.05,-0.05,-0.03,3.57,3.62,3.89,3.54,3.32,7.84,-,-,-,-
Passaic,Wanaque,39,11,0.72,0.77,0.74,0.72,0.72,0.75,0.76,0.76,0.75,0.75,1.65,1.7,1.71,1.75,1.76,-0.03,-0.1,-0.09,-0.09,-0.08,3.09,3.13,3.13,3.14,3.16,8.09,-,-,-,-
Passaic,Totowa,40,11,0.63,0.73,0.78,0.73,0.73,0.53,0.52,0.55,0.56,0.56,1.08,1.08,1.16,1.19,1.23,-0.04,-0.07,-0.07,-0.07,-0.07,2.2,2.27,2.42,2.4,2.45,6.34,-,-,-,-
,,,,,,,,,,,,,,,,,,,,,,,,,,,,,,,,,
County Summary,,,,,,,,,,,,,,,,,,,,,,,,,,,,,,,,,
,County Government Tax Rate (%),County Government Tax Rate (%),County Government Tax Rate (%),County Government Tax Rate (%),County Government Tax Rate (%),Municipal Tax Rate (%),Municipal Tax Rate (%),Municipal Tax Rate (%),Municipal Tax Rate (%),Municipal Tax Rate (%),School  Tax Rate (%),School  Tax Rate (%),School  Tax Rate (%),School  Tax Rate (%),School  Tax Rate (%),Rebate Tax Rate (%),Rebate Tax Rate (%),Rebate Tax Rate (%),Rebate Tax Rate (%),Rebate Tax Rate (%),Net Tax Rate (%),Net Tax Rate (%),Net Tax Rate (%),Net Tax Rate (%),Net Tax Rate (%),Property Tax as % Income,Property Tax as % Income,Property Tax as % Income,Property Tax as % Income,Property Tax as % Income,,,
County  ,2014,2015,2016,2017,2018,2014,2015,2016,2017,2018,2014,2015,2016,2017,2018,2014,2015,2016,2017,2018,2014,2015,2016,2017,2018,2014,2015,2016,2017,2018,,,
Atlantic,0.43,0.46,0.49,0.52,0.51,0.99,0.9,0.96,0.87,0.85,1.13,1.12,1.25,1.24,1.24,-0.02,-0.05,-0.05,-0.06,-0.05,2.54,2.43,2.65,2.57,2.54,8.3,-,-,-,-,,,
Bergen,0.23,0.24,0.24,0.24,0.24,0.67,0.67,0.66,0.65,0.66,1.25,1.28,1.27,1.26,1.27,-0.02,-0.04,-0.04,-0.04,-0.03,2.13,2.14,2.13,2.12,2.13,5.64,-,-,-,-,,,
Burlington,0.37,0.4,0.4,0.39,0.39,0.55,0.55,0.56,0.56,0.56,1.62,1.65,1.69,1.71,1.72,-0.02,-0.07,-0.06,-0.06,-0.06,2.52,2.53,2.58,2.6,2.6,5.61,-,-,-,-,,,
Camden,0.84,0.85,0.86,0.86,0.86,0.82,0.81,0.84,0.85,0.86,1.7,1.72,1.76,1.79,1.79,-0.04,-0.1,-0.09,-0.09,-0.09,3.32,3.27,3.36,3.42,3.43,6.3,-,-,-,-,,,
Cape May,0.24,0.24,0.24,0.24,0.25,0.4,0.4,0.4,0.41,0.41,0.33,0.33,0.33,0.33,0.32,0,-0.01,-0.01,-0.01,-0.01,0.96,0.96,0.96,0.97,0.96,6.53,-,-,-,-,,,
Cumberland,1.04,1.06,1.11,1.12,1.15,0.79,0.8,0.82,0.83,0.87,0.8,0.81,0.83,0.84,0.87,-0.03,-0.09,-0.09,-0.08,-0.08,2.6,2.58,2.67,2.71,2.81,5.32,-,-,-,-,,,
Essex,0.51,0.51,0.51,0.5,0.49,1.02,1.04,1.04,1.01,1,1.27,1.29,1.3,1.28,1.28,-0.02,-0.04,-0.04,-0.03,-0.03,2.79,2.8,2.81,2.75,2.74,5.38,-,-,-,-,,,
Gloucester,0.64,0.67,0.68,0.69,0.69,0.71,0.73,0.75,0.74,0.74,1.67,1.72,1.75,1.76,1.75,-0.03,-0.09,-0.08,-0.08,-0.07,2.99,3.03,3.1,3.11,3.11,6.25,-,-,-,-,,,
Hudson,0.52,0.51,0.48,0.46,0.42,1.04,1,0.92,0.86,0.78,0.7,0.67,0.62,0.58,0.53,-0.01,-0.02,-0.02,-0.02,-0.01,2.25,2.16,2,1.89,1.73,4.34,-,-,-,-,,,
Hunterdon,0.37,0.36,0.36,0.37,0.37,0.35,0.36,0.37,0.38,0.39,1.61,1.62,1.62,1.64,1.66,-0.01,-0.04,-0.04,-0.04,-0.04,2.31,2.3,2.31,2.34,2.38,5.49,-,-,-,-,,,
Mercer,0.64,0.63,0.64,0.65,0.65,0.68,0.68,0.68,0.69,0.7,1.34,1.36,1.36,1.38,1.38,-0.01,-0.05,-0.04,-0.04,-0.04,2.64,2.63,2.64,2.68,2.68,5.4,-,-,-,-,,,
Middlesex,0.39,0.4,0.39,0.39,0.38,0.62,0.64,0.63,0.63,0.61,1.39,1.42,1.39,1.38,1.35,-0.02,-0.06,-0.05,-0.05,-0.04,2.38,2.41,2.35,2.36,2.29,5.75,-,-,-,-,,,
Monmouth,0.3,0.3,0.29,0.28,0.28,0.47,0.47,0.47,0.46,0.46,1.11,1.12,1.12,1.11,1.09,-0.01,-0.04,-0.03,-0.03,-0.03,1.87,1.85,1.85,1.82,1.8,5.4,-,-,-,-,,,
Morris,0.25,0.25,0.25,0.26,0.26,0.5,0.51,0.51,0.51,0.51,1.31,1.33,1.34,1.34,1.36,-0.01,-0.04,-0.03,-0.03,-0.03,2.06,2.05,2.07,2.08,2.1,4.9,-,-,-,-,,,
Ocean,0.4,0.41,0.41,0.41,0.4,0.51,0.51,0.51,0.51,0.51,0.84,0.85,0.86,0.85,0.85,-0.01,-0.05,-0.05,-0.05,-0.04,1.73,1.72,1.73,1.72,1.71,6.79,-,-,-,-,,,
Passaic,0.71,0.73,0.73,0.72,0.7,1.03,1.03,1.05,1.01,1,1.28,1.3,1.31,1.32,1.28,-0.03,-0.08,-0.07,-0.06,-0.06,2.99,2.99,3.02,2.99,2.92,7.43,-,-,-,-,,,
Salem,0.99,1.04,1.1,1.14,1.19,0.49,0.52,0.55,0.56,0.57,1.37,1.46,1.55,1.59,1.62,-0.04,-0.09,-0.09,-0.09,-0.09,2.81,2.93,3.11,3.19,3.3,6.3,-,-,-,-,,,
Somerset,0.36,0.37,0.37,0.37,0.37,0.39,0.4,0.4,0.4,0.4,1.33,1.35,1.35,1.35,1.36,-0.01,-0.04,-0.03,-0.03,-0.03,2.08,2.08,2.1,2.09,2.1,4.76,-,-,-,-,,,
Sussex,0.52,0.52,0.55,0.56,0.56,0.61,0.63,0.65,0.65,0.65,1.69,1.73,1.75,1.75,1.73,-0.02,-0.07,-0.06,-0.06,-0.06,2.8,2.81,2.89,2.9,2.88,6.7,-,-,-,-,,,
Union,0.53,0.53,0.53,0.53,0.52,0.93,0.93,0.93,0.92,0.9,1.28,1.3,1.29,1.28,1.26,-0.03,-0.06,-0.05,-0.05,-0.05,2.71,2.7,2.7,2.68,2.64,5.98,-,-,-,-,,,
Warren,0.75,0.75,0.75,0.74,0.72,0.54,0.55,0.56,0.56,0.57,1.57,1.6,1.65,1.66,1.67,-0.02,-0.08,-0.07,-0.07,-0.06,2.84,2.83,2.89,2.9,2.9,6.74,-,-,-,-,,,
,,,,,,,,,,,,,,,,,,,,,,,,,,,,,,,,,
New Jersey State Summary,,,,,,,,,,,,,,,,,,,,,,,,,,,,,,,,,
County Government Tax Rate (%),County Government Tax Rate (%),County Government Tax Rate (%),County Government Tax Rate (%),County Government Tax Rate (%),Municipal Tax Rate (%),Municipal Tax Rate (%),Municipal Tax Rate (%),Municipal Tax Rate (%),Municipal Tax Rate (%),School  Tax Rate (%),School  Tax Rate (%),School  Tax Rate (%),School  Tax Rate (%),School  Tax Rate (%),Rebate Tax Rate (%),Rebate Tax Rate (%),Rebate Tax Rate (%),Rebate Tax Rate (%),Rebate Tax Rate (%),Net Tax Rate (%),Net Tax Rate (%),Net Tax Rate (%),Net Tax Rate (%),Net Tax Rate (%),Property Tax as % Income,Property Tax as % Income,Property Tax as % Income,Property Tax as % Income,Property Tax as % Income,,,,
2014,2015,2016,2017,2018,2014,2015,2016,2017,2018,2014,2015,2016,2017,2018,2014,2015,2016,2017,2018,2014,2015,2016,2017,2018,2014,2015,2016,2017,2018,,,,
0.42,0.42,0.42,0.42,0.41,0.67,0.67,0.67,0.66,0.65,1.21,1.23,1.23,1.22,1.21,-0.02,-0.05,-0.04,-0.04,-0.04,2.29,2.28,2.28,2.26,2.24,5.72,-,-,-,-,,,,
,,,,,,,,,,,,,,,,,,,,,,,,,,,,,,,,,
"DISCLAIMER: The information in the website may be used, downloaded, reproduced or reprinted provided",,,,,,,,,,,,,,,,,,,,,,,,,,,,,,,,,
that appropiate acknowledgment appears in all copies or works created with the downloaded information.,,,,,,,,,,,,,,,,,,,,,,,,,,,,,,,,,
"You may not use or misrepresent our name, logos, trademarks, other intellectual property or materials for your own use or reprint.",,,,,,,,,,,,,,,,,,,,,,,,,,,,,,,,,
,,,,,,,,,,,,,,,,,,,,,,,,,,,,,,,,,
"New Jersey Data Book(SM)  Rutgers Center for Goverment Services, New Brunswick, NJ",,,,,,,,,,,,,,,,,,,,,,,,,,,,,,,,,
New Jersey Data Book is a Service Mark of the Rutgers Center for Goverment Services,,,,,,,,,,,,,,,,,,,,,,,,,,,,,,,,,